Province,Annee,Mois,PrecipitationMoyenne,NombreStations,FichierSource
AB,2000,1,22.32036199095023,221,fr_climat_sommaires_AB_01-2000.csv
AB,2000,2,18.02850678733032,221,fr_climat_sommaires_AB_02-2000.csv
AB,2000,3,27.821777777777775,225,fr_climat_sommaires_AB_03-2000.csv
AB,2000,4,26.162458471760797,301,fr_climat_sommaires_AB_04-2000.csv
AB,2000,5,51.05135135135136,407,fr_climat_sommaires_AB_05-2000.csv
AB,2000,6,77.15853080568719,422,fr_climat_sommaires_AB_06-2000.csv
AB,2000,7,85.66148325358851,418,fr_climat_sommaires_AB_07-2000.csv
AB,2000,8,62.4916067146283,417,fr_climat_sommaires_AB_08-2000.csv
AB,2000,9,48.011977715877435,359,fr_climat_sommaires_AB_09-2000.csv
AB,2000,10,9.343220338983048,236,fr_climat_sommaires_AB_10-2000.csv
AB,2000,11,11.772769953051643,213,fr_climat_sommaires_AB_11-2000.csv
AB,2000,12,16.701449275362318,207,fr_climat_sommaires_AB_12-2000.csv
AB,2001,1,5.850833333333333,240,fr_climat_sommaires_AB_01-2001.csv
AB,2001,2,15.654502369668249,211,fr_climat_sommaires_AB_02-2001.csv
AB,2001,3,13.98965517241379,232,fr_climat_sommaires_AB_03-2001.csv
AB,2001,4,23.95940594059406,303,fr_climat_sommaires_AB_04-2001.csv
AB,2001,5,32.23890410958904,365,fr_climat_sommaires_AB_05-2001.csv
AB,2001,6,83.3215736040609,394,fr_climat_sommaires_AB_06-2001.csv
AB,2001,7,103.64849246231155,398,fr_climat_sommaires_AB_07-2001.csv
AB,2001,8,24.064337349397594,415,fr_climat_sommaires_AB_08-2001.csv
AB,2001,9,19.7528,375,fr_climat_sommaires_AB_09-2001.csv
AB,2001,10,16.711450381679388,262,fr_climat_sommaires_AB_10-2001.csv
AB,2001,11,26.84320987654321,243,fr_climat_sommaires_AB_11-2001.csv
AB,2001,12,9.713004484304932,223,fr_climat_sommaires_AB_12-2001.csv
AB,2002,1,23.41506276150628,239,fr_climat_sommaires_AB_01-2002.csv
AB,2002,2,21.264705882352942,238,fr_climat_sommaires_AB_02-2002.csv
AB,2002,3,37.01818181818182,253,fr_climat_sommaires_AB_03-2002.csv
AB,2002,4,34.71046511627907,258,fr_climat_sommaires_AB_04-2002.csv
AB,2002,5,39.489405684754516,387,fr_climat_sommaires_AB_05-2002.csv
AB,2002,6,65.2186440677966,413,fr_climat_sommaires_AB_06-2002.csv
AB,2002,7,60.32233009708739,412,fr_climat_sommaires_AB_07-2002.csv
AB,2002,8,56.80171149144254,409,fr_climat_sommaires_AB_08-2002.csv
AB,2002,9,51.169060773480666,362,fr_climat_sommaires_AB_09-2002.csv
AB,2002,10,23.293693693693697,222,fr_climat_sommaires_AB_10-2002.csv
AB,2002,11,13.114767932489455,237,fr_climat_sommaires_AB_11-2002.csv
AB,2002,12,11.458943089430893,246,fr_climat_sommaires_AB_12-2002.csv
AB,2003,1,30.248582995951416,247,fr_climat_sommaires_AB_01-2003.csv
AB,2003,2,28.10202429149798,247,fr_climat_sommaires_AB_02-2003.csv
AB,2003,3,35.77044534412955,247,fr_climat_sommaires_AB_03-2003.csv
AB,2003,4,54.189375,320,fr_climat_sommaires_AB_04-2003.csv
AB,2003,5,45.1149625935162,401,fr_climat_sommaires_AB_05-2003.csv
AB,2003,6,75.93937198067633,414,fr_climat_sommaires_AB_06-2003.csv
AB,2003,7,46.7652278177458,417,fr_climat_sommaires_AB_07-2003.csv
AB,2003,8,42.065384615384616,416,fr_climat_sommaires_AB_08-2003.csv
AB,2003,9,36.629629629629626,378,fr_climat_sommaires_AB_09-2003.csv
AB,2003,10,38.51732283464567,254,fr_climat_sommaires_AB_10-2003.csv
AB,2003,11,28.839607843137255,255,fr_climat_sommaires_AB_11-2003.csv
AB,2003,12,8.63976377952756,254,fr_climat_sommaires_AB_12-2003.csv
AB,2004,1,32.11566265060241,249,fr_climat_sommaires_AB_01-2004.csv
AB,2004,2,4.569098712446351,233,fr_climat_sommaires_AB_02-2004.csv
AB,2004,3,23.88346153846154,260,fr_climat_sommaires_AB_03-2004.csv
AB,2004,4,20.441503267973857,306,fr_climat_sommaires_AB_04-2004.csv
AB,2004,5,61.205911330049254,406,fr_climat_sommaires_AB_05-2004.csv
AB,2004,6,61.716953316953315,407,fr_climat_sommaires_AB_06-2004.csv
AB,2004,7,93.16486486486488,407,fr_climat_sommaires_AB_07-2004.csv
AB,2004,8,84.99735449735451,378,fr_climat_sommaires_AB_08-2004.csv
AB,2004,9,55.0051282051282,312,fr_climat_sommaires_AB_09-2004.csv
AB,2004,10,33.17391304347826,276,fr_climat_sommaires_AB_10-2004.csv
AB,2004,11,13.913011152416358,269,fr_climat_sommaires_AB_11-2004.csv
AB,2004,12,31.761742424242424,264,fr_climat_sommaires_AB_12-2004.csv
AB,2005,1,24.63529411764706,255,fr_climat_sommaires_AB_01-2005.csv
AB,2005,2,17.185823754789272,261,fr_climat_sommaires_AB_02-2005.csv
AB,2005,3,30.871314741035857,251,fr_climat_sommaires_AB_03-2005.csv
AB,2005,4,17.151327433628317,339,fr_climat_sommaires_AB_04-2005.csv
AB,2005,5,44.14512820512821,390,fr_climat_sommaires_AB_05-2005.csv
AB,2005,6,153.93689567430025,393,fr_climat_sommaires_AB_06-2005.csv
AB,2005,7,65.63359173126616,387,fr_climat_sommaires_AB_07-2005.csv
AB,2005,8,81.25350649350649,385,fr_climat_sommaires_AB_08-2005.csv
AB,2005,9,62.851764705882346,340,fr_climat_sommaires_AB_09-2005.csv
AB,2005,10,27.306289308176105,159,fr_climat_sommaires_AB_10-2005.csv
AB,2005,11,18.489075630252103,238,fr_climat_sommaires_AB_11-2005.csv
AB,2005,12,10.754430379746836,237,fr_climat_sommaires_AB_12-2005.csv
AB,2006,1,17.356444444444445,225,fr_climat_sommaires_AB_01-2006.csv
AB,2006,2,22.57685589519651,229,fr_climat_sommaires_AB_02-2006.csv
AB,2006,3,24.00588235294118,221,fr_climat_sommaires_AB_03-2006.csv
AB,2006,4,24.58468085106383,235,fr_climat_sommaires_AB_04-2006.csv
AB,2006,5,61.01043956043957,364,fr_climat_sommaires_AB_05-2006.csv
AB,2006,6,70.55,120,fr_climat_sommaires_AB_06-2006.csv
AB,2006,7,54.36470588235294,119,fr_climat_sommaires_AB_07-2006.csv
AB,2006,8,43.301694915254224,118,fr_climat_sommaires_AB_08-2006.csv
AB,2006,9,53.47073170731707,123,fr_climat_sommaires_AB_09-2006.csv
AB,2006,10,33.296,225,fr_climat_sommaires_AB_10-2006.csv
AB,2006,11,37.93811659192826,223,fr_climat_sommaires_AB_11-2006.csv
AB,2006,12,11.973275862068967,232,fr_climat_sommaires_AB_12-2006.csv
AB,2007,1,15.478695652173911,230,fr_climat_sommaires_AB_01-2007.csv
AB,2007,2,25.378125,224,fr_climat_sommaires_AB_02-2007.csv
AB,2007,3,22.963876651982375,227,fr_climat_sommaires_AB_03-2007.csv
AB,2007,4,38.44197530864198,243,fr_climat_sommaires_AB_04-2007.csv
AB,2007,5,66.38005617977528,356,fr_climat_sommaires_AB_05-2007.csv
AB,2007,6,88.38753315649868,377,fr_climat_sommaires_AB_06-2007.csv
AB,2007,7,40.17289972899729,369,fr_climat_sommaires_AB_07-2007.csv
AB,2007,8,68.10296495956874,371,fr_climat_sommaires_AB_08-2007.csv
AB,2007,9,34.679816513761466,327,fr_climat_sommaires_AB_09-2007.csv
AB,2007,10,14.966197183098592,213,fr_climat_sommaires_AB_10-2007.csv
AB,2007,11,16.610679611650486,206,fr_climat_sommaires_AB_11-2007.csv
AB,2007,12,14.939639639639637,111,fr_climat_sommaires_AB_12-2007.csv
AB,2008,1,16.03875,160,fr_climat_sommaires_AB_01-2008.csv
AB,2008,2,13.86038961038961,154,fr_climat_sommaires_AB_02-2008.csv
AB,2008,3,11.881290322580645,155,fr_climat_sommaires_AB_03-2008.csv
AB,2008,4,25.339267015706806,191,fr_climat_sommaires_AB_04-2008.csv
AB,2008,5,45.48956834532374,278,fr_climat_sommaires_AB_05-2008.csv
AB,2008,6,66.5979094076655,287,fr_climat_sommaires_AB_06-2008.csv
AB,2008,7,61.25979381443298,291,fr_climat_sommaires_AB_07-2008.csv
AB,2008,8,53.20383275261324,287,fr_climat_sommaires_AB_08-2008.csv
AB,2008,9,26.500386100386102,259,fr_climat_sommaires_AB_09-2008.csv
AB,2008,10,9.018320610687024,131,fr_climat_sommaires_AB_10-2008.csv
AB,2008,11,13.366911764705883,136,fr_climat_sommaires_AB_11-2008.csv
AB,2008,12,29.203546099290786,141,fr_climat_sommaires_AB_12-2008.csv
AB,2009,1,19.11911764705882,136,fr_climat_sommaires_AB_01-2009.csv
AB,2009,2,14.888281249999999,128,fr_climat_sommaires_AB_02-2009.csv
AB,2009,3,20.902898550724633,138,fr_climat_sommaires_AB_03-2009.csv
AB,2009,4,21.618367346938776,196,fr_climat_sommaires_AB_04-2009.csv
AB,2009,5,16.369924812030074,266,fr_climat_sommaires_AB_05-2009.csv
AB,2009,6,42.232971014492755,276,fr_climat_sommaires_AB_06-2009.csv
AB,2009,7,78.97883211678833,274,fr_climat_sommaires_AB_07-2009.csv
AB,2009,8,45.58029197080292,274,fr_climat_sommaires_AB_08-2009.csv
AB,2009,9,21.424380165289257,242,fr_climat_sommaires_AB_09-2009.csv
AB,2009,10,34.0258064516129,124,fr_climat_sommaires_AB_10-2009.csv
AB,2009,11,9.723478260869568,115,fr_climat_sommaires_AB_11-2009.csv
AB,2009,12,22.605600000000006,125,fr_climat_sommaires_AB_12-2009.csv
AB,2010,1,12.451666666666666,120,fr_climat_sommaires_AB_01-2010.csv
AB,2010,2,4.504273504273504,117,fr_climat_sommaires_AB_02-2010.csv
AB,2010,3,8.10508474576271,118,fr_climat_sommaires_AB_03-2010.csv
AB,2010,4,26.56820276497696,217,fr_climat_sommaires_AB_04-2010.csv
AB,2010,5,56.468093385214004,257,fr_climat_sommaires_AB_05-2010.csv
AB,2010,6,63.44377358490566,265,fr_climat_sommaires_AB_06-2010.csv
AB,2010,7,62.58792452830188,265,fr_climat_sommaires_AB_07-2010.csv
AB,2010,8,60.76425855513308,263,fr_climat_sommaires_AB_08-2010.csv
AB,2010,9,42.24907407407407,216,fr_climat_sommaires_AB_09-2010.csv
AB,2010,10,8.61293103448276,116,fr_climat_sommaires_AB_10-2010.csv
AB,2010,11,19.023684210526316,114,fr_climat_sommaires_AB_11-2010.csv
AB,2010,12,16.19203539823009,113,fr_climat_sommaires_AB_12-2010.csv
AB,2011,1,35.49411764705882,119,fr_climat_sommaires_AB_01-2011.csv
AB,2011,2,16.97586206896552,116,fr_climat_sommaires_AB_02-2011.csv
AB,2011,3,17.820833333333333,120,fr_climat_sommaires_AB_03-2011.csv
AB,2011,4,31.77999999999999,140,fr_climat_sommaires_AB_04-2011.csv
AB,2011,5,39.23872340425532,235,fr_climat_sommaires_AB_05-2011.csv
AB,2011,6,104.48641509433963,265,fr_climat_sommaires_AB_06-2011.csv
AB,2011,7,100.0841085271318,258,fr_climat_sommaires_AB_07-2011.csv
AB,2011,8,35.41368821292775,263,fr_climat_sommaires_AB_08-2011.csv
AB,2011,9,8.834545454545454,220,fr_climat_sommaires_AB_09-2011.csv
AB,2011,10,21.20333333333333,120,fr_climat_sommaires_AB_10-2011.csv
AB,2011,11,15.396638655462183,119,fr_climat_sommaires_AB_11-2011.csv
AB,2011,12,12.853913043478261,115,fr_climat_sommaires_AB_12-2011.csv
AB,2012,1,10.462608695652174,115,fr_climat_sommaires_AB_01-2012.csv
AB,2012,2,12.501739130434784,115,fr_climat_sommaires_AB_02-2012.csv
AB,2012,3,23.847008547008553,117,fr_climat_sommaires_AB_03-2012.csv
AB,2012,4,38.385833333333345,120,fr_climat_sommaires_AB_04-2012.csv
AB,2012,5,48.7640350877193,114,fr_climat_sommaires_AB_05-2012.csv
AB,2012,6,97.29385964912281,114,fr_climat_sommaires_AB_06-2012.csv
AB,2012,7,80.94137931034481,116,fr_climat_sommaires_AB_07-2012.csv
AB,2012,8,40.54912280701754,114,fr_climat_sommaires_AB_08-2012.csv
AB,2012,9,18.664545454545454,110,fr_climat_sommaires_AB_09-2012.csv
AB,2012,10,34.92162162162162,111,fr_climat_sommaires_AB_10-2012.csv
AB,2012,11,21.900917431192664,109,fr_climat_sommaires_AB_11-2012.csv
AB,2012,12,18.54766355140187,107,fr_climat_sommaires_AB_12-2012.csv
AB,2013,1,20.129906542056077,107,fr_climat_sommaires_AB_01-2013.csv
AB,2013,2,10.04811320754717,106,fr_climat_sommaires_AB_02-2013.csv
AB,2013,3,21.899056603773587,106,fr_climat_sommaires_AB_03-2013.csv
AB,2013,4,27.14818181818182,110,fr_climat_sommaires_AB_04-2013.csv
AB,2013,5,44.954954954954964,111,fr_climat_sommaires_AB_05-2013.csv
AB,2013,6,97.4559633027523,109,fr_climat_sommaires_AB_06-2013.csv
AB,2013,7,64.72545454545455,110,fr_climat_sommaires_AB_07-2013.csv
AB,2013,8,46.33636363636363,110,fr_climat_sommaires_AB_08-2013.csv
AB,2013,9,29.321621621621624,111,fr_climat_sommaires_AB_09-2013.csv
AB,2013,10,19.313636363636363,110,fr_climat_sommaires_AB_10-2013.csv
AB,2013,11,27.885185185185183,108,fr_climat_sommaires_AB_11-2013.csv
AB,2013,12,38.577777777777776,108,fr_climat_sommaires_AB_12-2013.csv
AB,2014,1,15.344642857142857,112,fr_climat_sommaires_AB_01-2014.csv
AB,2014,2,9.679807692307692,104,fr_climat_sommaires_AB_02-2014.csv
AB,2014,3,19.62884615384615,104,fr_climat_sommaires_AB_03-2014.csv
AB,2014,4,30.682075471698116,106,fr_climat_sommaires_AB_04-2014.csv
AB,2014,5,44.37383177570094,107,fr_climat_sommaires_AB_05-2014.csv
AB,2014,6,89.45480769230768,104,fr_climat_sommaires_AB_06-2014.csv
AB,2014,7,51.70190476190477,105,fr_climat_sommaires_AB_07-2014.csv
AB,2014,8,39.86666666666667,105,fr_climat_sommaires_AB_08-2014.csv
AB,2014,9,41.65242718446602,103,fr_climat_sommaires_AB_09-2014.csv
AB,2014,10,13.709523809523812,105,fr_climat_sommaires_AB_10-2014.csv
AB,2014,11,35.45384615384615,104,fr_climat_sommaires_AB_11-2014.csv
AB,2014,12,9.450495049504951,101,fr_climat_sommaires_AB_12-2014.csv
AB,2015,1,20.868686868686872,99,fr_climat_sommaires_AB_01-2015.csv
AB,2015,2,19.845918367346936,98,fr_climat_sommaires_AB_02-2015.csv
AB,2015,3,21.45252525252525,99,fr_climat_sommaires_AB_03-2015.csv
AB,2015,4,14.80686274509804,102,fr_climat_sommaires_AB_04-2015.csv
AB,2015,5,25.424,100,fr_climat_sommaires_AB_05-2015.csv
AB,2015,6,38.872549019607845,102,fr_climat_sommaires_AB_06-2015.csv
AB,2015,7,57.363,100,fr_climat_sommaires_AB_07-2015.csv
AB,2015,8,48.21980198019803,101,fr_climat_sommaires_AB_08-2015.csv
AB,2015,9,52.272000000000006,100,fr_climat_sommaires_AB_09-2015.csv
AB,2015,10,17.722772277227726,101,fr_climat_sommaires_AB_10-2015.csv
AB,2015,11,20.643298969072163,97,fr_climat_sommaires_AB_11-2015.csv
AB,2015,12,8.019736842105264,152,fr_climat_sommaires_AB_12-2015.csv
AB,2016,1,12.927083333333334,96,fr_climat_sommaires_AB_01-2016.csv
AB,2016,2,8.507291666666667,96,fr_climat_sommaires_AB_02-2016.csv
AB,2016,3,17.024242424242424,99,fr_climat_sommaires_AB_03-2016.csv
AB,2016,4,16.035353535353536,99,fr_climat_sommaires_AB_04-2016.csv
AB,2016,5,78.03877551020409,98,fr_climat_sommaires_AB_05-2016.csv
AB,2016,6,60.1875,96,fr_climat_sommaires_AB_06-2016.csv
AB,2016,7,77.85368421052632,95,fr_climat_sommaires_AB_07-2016.csv
AB,2016,8,72.15053763440861,93,fr_climat_sommaires_AB_08-2016.csv
AB,2016,9,34.89247311827957,93,fr_climat_sommaires_AB_09-2016.csv
AB,2016,10,34.82391304347826,92,fr_climat_sommaires_AB_10-2016.csv
AB,2016,11,8.765555555555554,90,fr_climat_sommaires_AB_11-2016.csv
AB,2016,12,14.869999999999997,90,fr_climat_sommaires_AB_12-2016.csv
AB,2017,1,11.313186813186814,91,fr_climat_sommaires_AB_01-2017.csv
AB,2017,2,17.669565217391302,92,fr_climat_sommaires_AB_02-2017.csv
AB,2017,3,18.758241758241756,91,fr_climat_sommaires_AB_03-2017.csv
AB,2017,4,48.30888888888889,90,fr_climat_sommaires_AB_04-2017.csv
AB,2017,5,47.689130434782605,92,fr_climat_sommaires_AB_05-2017.csv
AB,2017,6,68.65384615384616,91,fr_climat_sommaires_AB_06-2017.csv
AB,2017,7,46.098888888888894,90,fr_climat_sommaires_AB_07-2017.csv
AB,2017,8,25.79659090909091,88,fr_climat_sommaires_AB_08-2017.csv
AB,2017,9,33.96222222222222,90,fr_climat_sommaires_AB_09-2017.csv
AB,2017,10,30.733333333333338,93,fr_climat_sommaires_AB_10-2017.csv
AB,2017,11,23.051136363636363,88,fr_climat_sommaires_AB_11-2017.csv
AB,2017,12,15.04827586206897,87,fr_climat_sommaires_AB_12-2017.csv
AB,2018,1,13.8953488372093,86,fr_climat_sommaires_AB_01-2018.csv
AB,2018,2,21.21358024691358,81,fr_climat_sommaires_AB_02-2018.csv
AB,2018,3,25.991463414634147,82,fr_climat_sommaires_AB_03-2018.csv
AB,2018,4,19.539285714285715,84,fr_climat_sommaires_AB_04-2018.csv
AB,2018,5,25.211764705882352,85,fr_climat_sommaires_AB_05-2018.csv
AB,2018,6,66.88470588235296,85,fr_climat_sommaires_AB_06-2018.csv
AB,2018,7,59.5534090909091,88,fr_climat_sommaires_AB_07-2018.csv
AB,2018,8,34.119540229885054,87,fr_climat_sommaires_AB_08-2018.csv
AB,2018,9,41.13333333333334,84,fr_climat_sommaires_AB_09-2018.csv
AB,2018,10,19.79047619047619,84,fr_climat_sommaires_AB_10-2018.csv
AB,2018,11,19.301190476190477,84,fr_climat_sommaires_AB_11-2018.csv
AB,2018,12,16.215662650602415,83,fr_climat_sommaires_AB_12-2018.csv
AB,2019,1,16.395180722891567,83,fr_climat_sommaires_AB_01-2019.csv
AB,2019,2,19.030487804878053,82,fr_climat_sommaires_AB_02-2019.csv
AB,2019,3,8.387654320987656,81,fr_climat_sommaires_AB_03-2019.csv
AB,2019,4,15.27073170731707,82,fr_climat_sommaires_AB_04-2019.csv
AB,2019,5,34.471084337349396,83,fr_climat_sommaires_AB_05-2019.csv
AB,2019,6,81.74819277108435,83,fr_climat_sommaires_AB_06-2019.csv
AB,2019,7,82.06506024096385,83,fr_climat_sommaires_AB_07-2019.csv
AB,2019,8,48.880487804878044,82,fr_climat_sommaires_AB_08-2019.csv
AB,2019,9,45.42962962962962,81,fr_climat_sommaires_AB_09-2019.csv
AB,2019,10,20.4075,80,fr_climat_sommaires_AB_10-2019.csv
AB,2019,11,28.145,80,fr_climat_sommaires_AB_11-2019.csv
AB,2019,12,15.51025641025641,78,fr_climat_sommaires_AB_12-2019.csv
AB,2020,1,15.362025316455695,79,fr_climat_sommaires_AB_01-2020.csv
AB,2020,2,16.48589743589744,78,fr_climat_sommaires_AB_02-2020.csv
AB,2020,3,20.41948051948052,77,fr_climat_sommaires_AB_03-2020.csv
AB,2020,4,13.846835443037973,79,fr_climat_sommaires_AB_04-2020.csv
AB,2020,5,66.2432098765432,81,fr_climat_sommaires_AB_05-2020.csv
AB,2020,6,100.25833333333334,84,fr_climat_sommaires_AB_06-2020.csv
AB,2020,7,71.73292682926828,82,fr_climat_sommaires_AB_07-2020.csv
AB,2020,8,40.52380952380952,84,fr_climat_sommaires_AB_08-2020.csv
AB,2020,9,20.558333333333334,84,fr_climat_sommaires_AB_09-2020.csv
AB,2020,10,24.69302325581395,86,fr_climat_sommaires_AB_10-2020.csv
AB,2020,11,23.670238095238094,84,fr_climat_sommaires_AB_11-2020.csv
AB,2020,12,12.482716049382717,81,fr_climat_sommaires_AB_12-2020.csv
AB,2021,1,7.441249999999999,80,fr_climat_sommaires_AB_01-2021.csv
AB,2021,2,12.11875,80,fr_climat_sommaires_AB_02-2021.csv
AB,2021,3,9.773170731707316,82,fr_climat_sommaires_AB_03-2021.csv
AB,2021,4,14.921951219512193,82,fr_climat_sommaires_AB_04-2021.csv
AB,2021,5,52.5566265060241,83,fr_climat_sommaires_AB_05-2021.csv
AB,2021,6,38.212048192771086,83,fr_climat_sommaires_AB_06-2021.csv
AB,2021,7,33.20493827160494,81,fr_climat_sommaires_AB_07-2021.csv
AB,2021,8,56.612345679012336,81,fr_climat_sommaires_AB_08-2021.csv
AB,2021,9,23.25243902439024,82,fr_climat_sommaires_AB_09-2021.csv
AB,2021,10,19.62469135802469,81,fr_climat_sommaires_AB_10-2021.csv
AB,2021,11,17.722500000000004,80,fr_climat_sommaires_AB_11-2021.csv
AB,2021,12,20.726829268292686,82,fr_climat_sommaires_AB_12-2021.csv
AB,2022,1,20.165853658536584,82,fr_climat_sommaires_AB_01-2022.csv
AB,2022,2,17.789873417721516,79,fr_climat_sommaires_AB_02-2022.csv
AB,2022,3,15.685000000000002,80,fr_climat_sommaires_AB_03-2022.csv
AB,2022,4,18.15512820512821,78,fr_climat_sommaires_AB_04-2022.csv
AB,2022,5,29.264556962025313,79,fr_climat_sommaires_AB_05-2022.csv
AB,2022,6,98.30384615384617,78,fr_climat_sommaires_AB_06-2022.csv
AB,2022,7,52.45,78,fr_climat_sommaires_AB_07-2022.csv
AB,2022,8,37.58354430379746,79,fr_climat_sommaires_AB_08-2022.csv
AB,2022,9,19.354430379746834,79,fr_climat_sommaires_AB_09-2022.csv
AB,2022,10,15.872499999999997,80,fr_climat_sommaires_AB_10-2022.csv
AB,2022,11,23.230769230769234,78,fr_climat_sommaires_AB_11-2022.csv
AB,2022,12,17.822077922077927,77,fr_climat_sommaires_AB_12-2022.csv
AB,2023,1,8.295061728395062,81,fr_climat_sommaires_AB_01-2023.csv
AB,2023,2,12.291463414634148,82,fr_climat_sommaires_AB_02-2023.csv
AB,2023,3,8.370731707317074,82,fr_climat_sommaires_AB_03-2023.csv
AB,2023,4,12.367058823529412,85,fr_climat_sommaires_AB_04-2023.csv
AB,2023,5,29.74404761904762,84,fr_climat_sommaires_AB_05-2023.csv
AB,2023,6,83.91704545454546,88,fr_climat_sommaires_AB_06-2023.csv
AB,2023,7,63.972727272727276,88,fr_climat_sommaires_AB_07-2023.csv
AB,2023,8,53.16235294117647,85,fr_climat_sommaires_AB_08-2023.csv
AB,2023,9,22.187209302325584,86,fr_climat_sommaires_AB_09-2023.csv
AB,2023,10,15.91022727272727,88,fr_climat_sommaires_AB_10-2023.csv
AB,2023,11,5.547674418604651,86,fr_climat_sommaires_AB_11-2023.csv
AB,2023,12,8.072619047619046,84,fr_climat_sommaires_AB_12-2023.csv
AB,2024,1,14.866265060240963,83,fr_climat_sommaires_AB_01-2024.csv
AB,2024,2,19.842168674698794,83,fr_climat_sommaires_AB_02-2024.csv
AB,2024,3,16.734523809523804,84,fr_climat_sommaires_AB_03-2024.csv
AB,2024,4,29.085882352941173,85,fr_climat_sommaires_AB_04-2024.csv
AB,2024,5,66.08720930232558,86,fr_climat_sommaires_AB_05-2024.csv
AB,2024,6,59.720000000000006,85,fr_climat_sommaires_AB_06-2024.csv
AB,2024,7,37.02926829268293,82,fr_climat_sommaires_AB_07-2024.csv
AB,2024,8,62.28375,80,fr_climat_sommaires_AB_08-2024.csv
AB,2024,9,40.2625,80,fr_climat_sommaires_AB_09-2024.csv
AB,2024,10,16.739024390243898,82,fr_climat_sommaires_AB_10-2024.csv
AB,2024,11,20.610975609756096,82,fr_climat_sommaires_AB_11-2024.csv
AB,2024,12,13.618518518518517,81,fr_climat_sommaires_AB_12-2024.csv
AB,2025,1,12.206172839506173,81,fr_climat_sommaires_AB_01-2025.csv
AB,2025,2,8.698780487804877,82,fr_climat_sommaires_AB_02-2025.csv
AB,2025,3,21.49875,80,fr_climat_sommaires_AB_03-2025.csv
AB,2025,4,18.196385542168677,83,fr_climat_sommaires_AB_04-2025.csv
AB,2025,5,33.36987951807229,83,fr_climat_sommaires_AB_05-2025.csv
AB,2025,6,63.39176470588235,85,fr_climat_sommaires_AB_06-2025.csv
AB,2025,7,75.44166666666668,84,fr_climat_sommaires_AB_07-2025.csv
AB,2025,8,51.404761904761905,84,fr_climat_sommaires_AB_08-2025.csv
AB,2025,9,6.880952380952381,84,fr_climat_sommaires_AB_09-2025.csv
AB,2025,10,18.227710843373494,83,fr_climat_sommaires_AB_10-2025.csv
AB,2025,11,19.103571428571428,84,fr_climat_sommaires_AB_11-2025.csv
AB,2025,12,33.52439024390244,82,fr_climat_sommaires_AB_12-2025.csv
BC,2000,1,130.6007712082262,389,fr_climat_sommaires_BC_01-2000.csv
BC,2000,2,72.47613065326634,398,fr_climat_sommaires_BC_02-2000.csv
BC,2000,3,109.13693467336684,398,fr_climat_sommaires_BC_03-2000.csv
BC,2000,4,66.96926952141058,397,fr_climat_sommaires_BC_04-2000.csv
BC,2000,5,85.0846547314578,391,fr_climat_sommaires_BC_05-2000.csv
BC,2000,6,70.00820512820513,390,fr_climat_sommaires_BC_06-2000.csv
BC,2000,7,68.99848484848485,396,fr_climat_sommaires_BC_07-2000.csv
BC,2000,8,44.19770408163265,392,fr_climat_sommaires_BC_08-2000.csv
BC,2000,9,72.25388471177945,399,fr_climat_sommaires_BC_09-2000.csv
BC,2000,10,117.81259640102827,389,fr_climat_sommaires_BC_10-2000.csv
BC,2000,11,92.27186700767264,391,fr_climat_sommaires_BC_11-2000.csv
BC,2000,12,107.25555555555555,378,fr_climat_sommaires_BC_12-2000.csv
BC,2001,1,107.79791122715405,383,fr_climat_sommaires_BC_01-2001.csv
BC,2001,2,47.26276041666667,384,fr_climat_sommaires_BC_02-2001.csv
BC,2001,3,103.83821989528795,382,fr_climat_sommaires_BC_03-2001.csv
BC,2001,4,77.85655526992286,389,fr_climat_sommaires_BC_04-2001.csv
BC,2001,5,74.25265957446808,376,fr_climat_sommaires_BC_05-2001.csv
BC,2001,6,73.59116883116883,385,fr_climat_sommaires_BC_06-2001.csv
BC,2001,7,50.248571428571424,385,fr_climat_sommaires_BC_07-2001.csv
BC,2001,8,95.10963541666665,384,fr_climat_sommaires_BC_08-2001.csv
BC,2001,9,64.32748691099476,382,fr_climat_sommaires_BC_09-2001.csv
BC,2001,10,137.93527851458884,377,fr_climat_sommaires_BC_10-2001.csv
BC,2001,11,170.36880000000002,375,fr_climat_sommaires_BC_11-2001.csv
BC,2001,12,169.38924731182797,372,fr_climat_sommaires_BC_12-2001.csv
BC,2002,1,152.54123989218328,371,fr_climat_sommaires_BC_01-2002.csv
BC,2002,2,114.94059945504087,367,fr_climat_sommaires_BC_02-2002.csv
BC,2002,3,93.85040871934606,367,fr_climat_sommaires_BC_03-2002.csv
BC,2002,4,77.1308743169399,366,fr_climat_sommaires_BC_04-2002.csv
BC,2002,5,72.41783783783784,370,fr_climat_sommaires_BC_05-2002.csv
BC,2002,6,59.870903954802266,354,fr_climat_sommaires_BC_06-2002.csv
BC,2002,7,33.972162162162164,370,fr_climat_sommaires_BC_07-2002.csv
BC,2002,8,30.44878048780488,369,fr_climat_sommaires_BC_08-2002.csv
BC,2002,9,73.2745042492918,353,fr_climat_sommaires_BC_09-2002.csv
BC,2002,10,35.13726027397261,365,fr_climat_sommaires_BC_10-2002.csv
BC,2002,11,161.02485875706216,354,fr_climat_sommaires_BC_11-2002.csv
BC,2002,12,142.64914772727272,352,fr_climat_sommaires_BC_12-2002.csv
BC,2003,1,167.9414705882353,340,fr_climat_sommaires_BC_01-2003.csv
BC,2003,2,42.21851851851852,351,fr_climat_sommaires_BC_02-2003.csv
BC,2003,3,159.47942857142857,350,fr_climat_sommaires_BC_03-2003.csv
BC,2003,4,103.4150442477876,339,fr_climat_sommaires_BC_04-2003.csv
BC,2003,5,60.73942857142857,350,fr_climat_sommaires_BC_05-2003.csv
BC,2003,6,46.57899159663866,357,fr_climat_sommaires_BC_06-2003.csv
BC,2003,7,31.31903409090909,352,fr_climat_sommaires_BC_07-2003.csv
BC,2003,8,30.867521367521366,351,fr_climat_sommaires_BC_08-2003.csv
BC,2003,9,69.39512893982808,349,fr_climat_sommaires_BC_09-2003.csv
BC,2003,10,219.37748538011698,342,fr_climat_sommaires_BC_10-2003.csv
BC,2003,11,135.72836257309942,342,fr_climat_sommaires_BC_11-2003.csv
BC,2003,12,140.38973607038125,341,fr_climat_sommaires_BC_12-2003.csv
BC,2004,1,152.36312684365782,339,fr_climat_sommaires_BC_01-2004.csv
BC,2004,2,63.72108433734939,332,fr_climat_sommaires_BC_02-2004.csv
BC,2004,3,107.88925373134329,335,fr_climat_sommaires_BC_03-2004.csv
BC,2004,4,35.95494186046512,344,fr_climat_sommaires_BC_04-2004.csv
BC,2004,5,65.145,340,fr_climat_sommaires_BC_05-2004.csv
BC,2004,6,46.70701754385965,342,fr_climat_sommaires_BC_06-2004.csv
BC,2004,7,41.835658914728675,258,fr_climat_sommaires_BC_07-2004.csv
BC,2004,8,89.27315175097277,257,fr_climat_sommaires_BC_08-2004.csv
BC,2004,9,98.55327102803737,107,fr_climat_sommaires_BC_09-2004.csv
BC,2004,10,110.5238095238095,105,fr_climat_sommaires_BC_10-2004.csv
BC,2004,11,169.65051546391754,97,fr_climat_sommaires_BC_11-2004.csv
BC,2004,12,158.2726688102894,311,fr_climat_sommaires_BC_12-2004.csv
BC,2005,1,185.25374592833876,307,fr_climat_sommaires_BC_01-2005.csv
BC,2005,2,55.55337620578778,311,fr_climat_sommaires_BC_02-2005.csv
BC,2005,3,119.30541401273886,314,fr_climat_sommaires_BC_03-2005.csv
BC,2005,4,87.67893081761007,318,fr_climat_sommaires_BC_04-2005.csv
BC,2005,5,75.59145569620253,316,fr_climat_sommaires_BC_05-2005.csv
BC,2005,6,79.65593750000001,320,fr_climat_sommaires_BC_06-2005.csv
BC,2005,7,77.458125,320,fr_climat_sommaires_BC_07-2005.csv
BC,2005,8,47.13949843260188,319,fr_climat_sommaires_BC_08-2005.csv
BC,2005,9,78.71145510835915,323,fr_climat_sommaires_BC_09-2005.csv
BC,2005,10,180.2888888888889,315,fr_climat_sommaires_BC_10-2005.csv
BC,2005,11,128.0485530546624,311,fr_climat_sommaires_BC_11-2005.csv
BC,2005,12,138.90521172638438,307,fr_climat_sommaires_BC_12-2005.csv
BC,2006,1,241.55249169435217,301,fr_climat_sommaires_BC_01-2006.csv
BC,2006,2,78.34252491694352,301,fr_climat_sommaires_BC_02-2006.csv
BC,2006,3,94.93322475570031,307,fr_climat_sommaires_BC_03-2006.csv
BC,2006,4,74.31341853035144,313,fr_climat_sommaires_BC_04-2006.csv
BC,2006,5,58.18252427184466,309,fr_climat_sommaires_BC_05-2006.csv
BC,2006,6,52.37411003236245,309,fr_climat_sommaires_BC_06-2006.csv
BC,2006,7,40.13717105263158,304,fr_climat_sommaires_BC_07-2006.csv
BC,2006,8,22.143729903536975,311,fr_climat_sommaires_BC_08-2006.csv
BC,2006,9,52.54065573770492,305,fr_climat_sommaires_BC_09-2006.csv
BC,2006,10,76.68046357615894,302,fr_climat_sommaires_BC_10-2006.csv
BC,2006,11,269.10200000000003,300,fr_climat_sommaires_BC_11-2006.csv
BC,2006,12,184.76061643835612,292,fr_climat_sommaires_BC_12-2006.csv
BC,2007,1,194.58013468013468,297,fr_climat_sommaires_BC_01-2007.csv
BC,2007,2,118.74612794612794,297,fr_climat_sommaires_BC_02-2007.csv
BC,2007,3,177.77898305084744,295,fr_climat_sommaires_BC_03-2007.csv
BC,2007,4,87.34493243243243,296,fr_climat_sommaires_BC_04-2007.csv
BC,2007,5,46.53089700996677,301,fr_climat_sommaires_BC_05-2007.csv
BC,2007,6,80.7115511551155,303,fr_climat_sommaires_BC_06-2007.csv
BC,2007,7,56.77483870967741,310,fr_climat_sommaires_BC_07-2007.csv
BC,2007,8,42.61677419354839,310,fr_climat_sommaires_BC_08-2007.csv
BC,2007,9,75.48802588996764,309,fr_climat_sommaires_BC_09-2007.csv
BC,2007,10,150.80897009966776,301,fr_climat_sommaires_BC_10-2007.csv
BC,2007,11,122.96622516556292,302,fr_climat_sommaires_BC_11-2007.csv
BC,2007,12,170.4108843537415,294,fr_climat_sommaires_BC_12-2007.csv
BC,2008,1,118.66216216216216,296,fr_climat_sommaires_BC_01-2008.csv
BC,2008,2,73.93006993006993,286,fr_climat_sommaires_BC_02-2008.csv
BC,2008,3,75.11824561403509,285,fr_climat_sommaires_BC_03-2008.csv
BC,2008,4,43.10650684931506,292,fr_climat_sommaires_BC_04-2008.csv
BC,2008,5,44.30694444444444,288,fr_climat_sommaires_BC_05-2008.csv
BC,2008,6,50.20748299319728,294,fr_climat_sommaires_BC_06-2008.csv
BC,2008,7,42.3451388888889,288,fr_climat_sommaires_BC_07-2008.csv
BC,2008,8,94.15473684210525,285,fr_climat_sommaires_BC_08-2008.csv
BC,2008,9,32.21241134751773,282,fr_climat_sommaires_BC_09-2008.csv
BC,2008,10,110.80814814814813,270,fr_climat_sommaires_BC_10-2008.csv
BC,2008,11,156.8640449438202,267,fr_climat_sommaires_BC_11-2008.csv
BC,2008,12,125.88210116731517,257,fr_climat_sommaires_BC_12-2008.csv
BC,2009,1,121.80038759689923,258,fr_climat_sommaires_BC_01-2009.csv
BC,2009,2,54.42403100775194,258,fr_climat_sommaires_BC_02-2009.csv
BC,2009,3,93.54319066147859,257,fr_climat_sommaires_BC_03-2009.csv
BC,2009,4,50.29409594095941,271,fr_climat_sommaires_BC_04-2009.csv
BC,2009,5,61.94522058823529,272,fr_climat_sommaires_BC_05-2009.csv
BC,2009,6,36.67517985611511,278,fr_climat_sommaires_BC_06-2009.csv
BC,2009,7,31.74578754578754,273,fr_climat_sommaires_BC_07-2009.csv
BC,2009,8,40.90641509433962,265,fr_climat_sommaires_BC_08-2009.csv
BC,2009,9,82.86107142857142,280,fr_climat_sommaires_BC_09-2009.csv
BC,2009,10,143.18295454545455,264,fr_climat_sommaires_BC_10-2009.csv
BC,2009,11,238.5679245283019,265,fr_climat_sommaires_BC_11-2009.csv
BC,2009,12,74.73268482490272,257,fr_climat_sommaires_BC_12-2009.csv
BC,2010,1,166.91954022988506,261,fr_climat_sommaires_BC_01-2010.csv
BC,2010,2,86.22584269662921,267,fr_climat_sommaires_BC_02-2010.csv
BC,2010,3,111.97442748091605,262,fr_climat_sommaires_BC_03-2010.csv
BC,2010,4,85.16958174904943,263,fr_climat_sommaires_BC_04-2010.csv
BC,2010,5,66.14057971014492,276,fr_climat_sommaires_BC_05-2010.csv
BC,2010,6,55.94767025089606,279,fr_climat_sommaires_BC_06-2010.csv
BC,2010,7,14.859927797833935,277,fr_climat_sommaires_BC_07-2010.csv
BC,2010,8,47.12068965517241,261,fr_climat_sommaires_BC_08-2010.csv
BC,2010,9,127.49230769230769,260,fr_climat_sommaires_BC_09-2010.csv
BC,2010,10,133.98431372549018,255,fr_climat_sommaires_BC_10-2010.csv
BC,2010,11,133.9683794466403,253,fr_climat_sommaires_BC_11-2010.csv
BC,2010,12,173.24754098360654,244,fr_climat_sommaires_BC_12-2010.csv
BC,2011,1,173.23545816733068,251,fr_climat_sommaires_BC_01-2011.csv
BC,2011,2,119.6687747035573,253,fr_climat_sommaires_BC_02-2011.csv
BC,2011,3,138.21263940520447,269,fr_climat_sommaires_BC_03-2011.csv
BC,2011,4,79.66194029850747,268,fr_climat_sommaires_BC_04-2011.csv
BC,2011,5,84.59676258992806,278,fr_climat_sommaires_BC_05-2011.csv
BC,2011,6,51.71357142857143,280,fr_climat_sommaires_BC_06-2011.csv
BC,2011,7,68.02727272727273,275,fr_climat_sommaires_BC_07-2011.csv
BC,2011,8,37.91690647482015,278,fr_climat_sommaires_BC_08-2011.csv
BC,2011,9,106.85395683453238,278,fr_climat_sommaires_BC_09-2011.csv
BC,2011,10,104.80780141843971,282,fr_climat_sommaires_BC_10-2011.csv
BC,2011,11,168.87992565055762,269,fr_climat_sommaires_BC_11-2011.csv
BC,2011,12,111.62846441947565,267,fr_climat_sommaires_BC_12-2011.csv
BC,2012,1,185.76037735849056,265,fr_climat_sommaires_BC_01-2012.csv
BC,2012,2,97.65830115830116,259,fr_climat_sommaires_BC_02-2012.csv
BC,2012,3,140.53809523809525,273,fr_climat_sommaires_BC_03-2012.csv
BC,2012,4,86.84222222222222,270,fr_climat_sommaires_BC_04-2012.csv
BC,2012,5,52.719485294117646,272,fr_climat_sommaires_BC_05-2012.csv
BC,2012,6,106.60319148936169,282,fr_climat_sommaires_BC_06-2012.csv
BC,2012,7,45.55232974910394,279,fr_climat_sommaires_BC_07-2012.csv
BC,2012,8,22.231407942238267,277,fr_climat_sommaires_BC_08-2012.csv
BC,2012,9,26.1663082437276,279,fr_climat_sommaires_BC_09-2012.csv
BC,2012,10,150.07381818181818,275,fr_climat_sommaires_BC_10-2012.csv
BC,2012,11,153.96934306569344,274,fr_climat_sommaires_BC_11-2012.csv
BC,2012,12,151.03054545454543,275,fr_climat_sommaires_BC_12-2012.csv
BC,2013,1,92.87933579335794,271,fr_climat_sommaires_BC_01-2013.csv
BC,2013,2,102.74750957854407,261,fr_climat_sommaires_BC_02-2013.csv
BC,2013,3,96.08810408921931,269,fr_climat_sommaires_BC_03-2013.csv
BC,2013,4,86.33772893772895,273,fr_climat_sommaires_BC_04-2013.csv
BC,2013,5,79.43763837638376,271,fr_climat_sommaires_BC_05-2013.csv
BC,2013,6,69.69418181818182,275,fr_climat_sommaires_BC_06-2013.csv
BC,2013,7,16.707720588235293,272,fr_climat_sommaires_BC_07-2013.csv
BC,2013,8,59.965328467153284,274,fr_climat_sommaires_BC_08-2013.csv
BC,2013,9,112.69280575539568,278,fr_climat_sommaires_BC_09-2013.csv
BC,2013,10,47.07883211678831,274,fr_climat_sommaires_BC_10-2013.csv
BC,2013,11,109.15677655677655,273,fr_climat_sommaires_BC_11-2013.csv
BC,2013,12,98.65072992700729,274,fr_climat_sommaires_BC_12-2013.csv
BC,2014,1,91.41904761904762,273,fr_climat_sommaires_BC_01-2014.csv
BC,2014,2,92.98933823529411,272,fr_climat_sommaires_BC_02-2014.csv
BC,2014,3,134.0911439114391,271,fr_climat_sommaires_BC_03-2014.csv
BC,2014,4,86.56678966789667,271,fr_climat_sommaires_BC_04-2014.csv
BC,2014,5,63.14431818181818,264,fr_climat_sommaires_BC_05-2014.csv
BC,2014,6,47.890151515151516,264,fr_climat_sommaires_BC_06-2014.csv
BC,2014,7,43.61838235294118,272,fr_climat_sommaires_BC_07-2014.csv
BC,2014,8,30.089259259259258,270,fr_climat_sommaires_BC_08-2014.csv
BC,2014,9,62.59335793357935,271,fr_climat_sommaires_BC_09-2014.csv
BC,2014,10,189.58513011152414,269,fr_climat_sommaires_BC_10-2014.csv
BC,2014,11,151.29962962962964,270,fr_climat_sommaires_BC_11-2014.csv
BC,2014,12,146.18413284132842,271,fr_climat_sommaires_BC_12-2014.csv
BC,2015,1,130.77226277372262,274,fr_climat_sommaires_BC_01-2015.csv
BC,2015,2,106.2615671641791,268,fr_climat_sommaires_BC_02-2015.csv
BC,2015,3,127.23880597014926,268,fr_climat_sommaires_BC_03-2015.csv
BC,2015,4,66.06307692307693,260,fr_climat_sommaires_BC_04-2015.csv
BC,2015,5,21.66186770428016,257,fr_climat_sommaires_BC_05-2015.csv
BC,2015,6,31.460231660231663,259,fr_climat_sommaires_BC_06-2015.csv
BC,2015,7,38.68416988416989,259,fr_climat_sommaires_BC_07-2015.csv
BC,2015,8,66.99807692307692,260,fr_climat_sommaires_BC_08-2015.csv
BC,2015,9,86.84597701149427,261,fr_climat_sommaires_BC_09-2015.csv
BC,2015,10,112.72605363984674,261,fr_climat_sommaires_BC_10-2015.csv
BC,2015,11,121.78825757575757,264,fr_climat_sommaires_BC_11-2015.csv
BC,2015,12,174.34461538461537,260,fr_climat_sommaires_BC_12-2015.csv
BC,2016,1,135.38669201520912,263,fr_climat_sommaires_BC_01-2016.csv
BC,2016,2,130.14312977099237,262,fr_climat_sommaires_BC_02-2016.csv
BC,2016,3,127.95423076923076,260,fr_climat_sommaires_BC_03-2016.csv
BC,2016,4,49.23268482490273,257,fr_climat_sommaires_BC_04-2016.csv
BC,2016,5,43.72235294117647,255,fr_climat_sommaires_BC_05-2016.csv
BC,2016,6,62.02170542635659,258,fr_climat_sommaires_BC_06-2016.csv
BC,2016,7,49.8867469879518,249,fr_climat_sommaires_BC_07-2016.csv
BC,2016,8,42.756451612903234,248,fr_climat_sommaires_BC_08-2016.csv
BC,2016,9,76.61230158730159,252,fr_climat_sommaires_BC_09-2016.csv
BC,2016,10,169.31879999999998,250,fr_climat_sommaires_BC_10-2016.csv
BC,2016,11,203.06626984126984,252,fr_climat_sommaires_BC_11-2016.csv
BC,2016,12,104.9136,250,fr_climat_sommaires_BC_12-2016.csv
BC,2017,1,83.75564516129033,248,fr_climat_sommaires_BC_01-2017.csv
BC,2017,2,97.70717131474103,251,fr_climat_sommaires_BC_02-2017.csv
BC,2017,3,152.7585657370518,251,fr_climat_sommaires_BC_03-2017.csv
BC,2017,4,96.8323886639676,247,fr_climat_sommaires_BC_04-2017.csv
BC,2017,5,76.78559670781894,243,fr_climat_sommaires_BC_05-2017.csv
BC,2017,6,48.88775510204081,245,fr_climat_sommaires_BC_06-2017.csv
BC,2017,7,21.346473029045644,241,fr_climat_sommaires_BC_07-2017.csv
BC,2017,8,28.475720164609054,243,fr_climat_sommaires_BC_08-2017.csv
BC,2017,9,54.68381742738589,241,fr_climat_sommaires_BC_09-2017.csv
BC,2017,10,135.7970464135021,237,fr_climat_sommaires_BC_10-2017.csv
BC,2017,11,182.2413502109705,237,fr_climat_sommaires_BC_11-2017.csv
BC,2017,12,81.50170212765957,235,fr_climat_sommaires_BC_12-2017.csv
BC,2018,1,191.5463519313305,233,fr_climat_sommaires_BC_01-2018.csv
BC,2018,2,106.29301310043668,229,fr_climat_sommaires_BC_02-2018.csv
BC,2018,3,69.9108695652174,230,fr_climat_sommaires_BC_03-2018.csv
BC,2018,4,92.97743362831858,226,fr_climat_sommaires_BC_04-2018.csv
BC,2018,5,26.64008810572688,227,fr_climat_sommaires_BC_05-2018.csv
BC,2018,6,62.33362445414847,229,fr_climat_sommaires_BC_06-2018.csv
BC,2018,7,20.3304932735426,223,fr_climat_sommaires_BC_07-2018.csv
BC,2018,8,16.94162895927602,221,fr_climat_sommaires_BC_08-2018.csv
BC,2018,9,105.16363636363636,220,fr_climat_sommaires_BC_09-2018.csv
BC,2018,10,85.78214285714286,224,fr_climat_sommaires_BC_10-2018.csv
BC,2018,11,163.8716216216216,222,fr_climat_sommaires_BC_11-2018.csv
BC,2018,12,176.8393665158371,221,fr_climat_sommaires_BC_12-2018.csv
BC,2019,1,133.9579646017699,226,fr_climat_sommaires_BC_01-2019.csv
BC,2019,2,47.87991071428571,224,fr_climat_sommaires_BC_02-2019.csv
BC,2019,3,28.62818181818181,220,fr_climat_sommaires_BC_03-2019.csv
BC,2019,4,79.37309417040359,223,fr_climat_sommaires_BC_04-2019.csv
BC,2019,5,26.24954545454545,220,fr_climat_sommaires_BC_05-2019.csv
BC,2019,6,44.894883720930224,215,fr_climat_sommaires_BC_06-2019.csv
BC,2019,7,63.98045454545455,220,fr_climat_sommaires_BC_07-2019.csv
BC,2019,8,46.34166666666667,216,fr_climat_sommaires_BC_08-2019.csv
BC,2019,9,100.35046728971963,214,fr_climat_sommaires_BC_09-2019.csv
BC,2019,10,108.14999999999999,218,fr_climat_sommaires_BC_10-2019.csv
BC,2019,11,100.4659090909091,220,fr_climat_sommaires_BC_11-2019.csv
BC,2019,12,156.65345622119813,217,fr_climat_sommaires_BC_12-2019.csv
BC,2020,1,237.41361502347416,213,fr_climat_sommaires_BC_01-2020.csv
BC,2020,2,95.82757009345794,214,fr_climat_sommaires_BC_02-2020.csv
BC,2020,3,77.62394366197182,213,fr_climat_sommaires_BC_03-2020.csv
BC,2020,4,39.73571428571429,210,fr_climat_sommaires_BC_04-2020.csv
BC,2020,5,63.07222222222222,216,fr_climat_sommaires_BC_05-2020.csv
BC,2020,6,81.08301886792452,212,fr_climat_sommaires_BC_06-2020.csv
BC,2020,7,52.859241706161136,211,fr_climat_sommaires_BC_07-2020.csv
BC,2020,8,75.88046511627907,215,fr_climat_sommaires_BC_08-2020.csv
BC,2020,9,76.66139534883722,215,fr_climat_sommaires_BC_09-2020.csv
BC,2020,10,130.55772727272725,220,fr_climat_sommaires_BC_10-2020.csv
BC,2020,11,169.767264573991,223,fr_climat_sommaires_BC_11-2020.csv
BC,2020,12,168.41826484018264,219,fr_climat_sommaires_BC_12-2020.csv
BC,2021,1,148.068778280543,221,fr_climat_sommaires_BC_01-2021.csv
BC,2021,2,99.91788990825687,218,fr_climat_sommaires_BC_02-2021.csv
BC,2021,3,88.49672897196263,214,fr_climat_sommaires_BC_03-2021.csv
BC,2021,4,48.786111111111104,216,fr_climat_sommaires_BC_04-2021.csv
BC,2021,5,50.79810426540284,211,fr_climat_sommaires_BC_05-2021.csv
BC,2021,6,45.30995260663507,211,fr_climat_sommaires_BC_06-2021.csv
BC,2021,7,14.973913043478262,207,fr_climat_sommaires_BC_07-2021.csv
BC,2021,8,46.444761904761904,210,fr_climat_sommaires_BC_08-2021.csv
BC,2021,9,143.83999999999997,210,fr_climat_sommaires_BC_09-2021.csv
BC,2021,10,139.94622641509434,212,fr_climat_sommaires_BC_10-2021.csv
BC,2021,11,253.17081339712917,209,fr_climat_sommaires_BC_11-2021.csv
BC,2021,12,114.66571428571429,210,fr_climat_sommaires_BC_12-2021.csv
BC,2022,1,142.5206730769231,208,fr_climat_sommaires_BC_01-2022.csv
BC,2022,2,77.09223300970874,206,fr_climat_sommaires_BC_02-2022.csv
BC,2022,3,97.07307692307691,208,fr_climat_sommaires_BC_03-2022.csv
BC,2022,4,86.08454106280193,207,fr_climat_sommaires_BC_04-2022.csv
BC,2022,5,86.35902439024389,205,fr_climat_sommaires_BC_05-2022.csv
BC,2022,6,77.6039408866995,203,fr_climat_sommaires_BC_06-2022.csv
BC,2022,7,39.554455445544555,202,fr_climat_sommaires_BC_07-2022.csv
BC,2022,8,29.12807881773399,203,fr_climat_sommaires_BC_08-2022.csv
BC,2022,9,27.66567164179104,201,fr_climat_sommaires_BC_09-2022.csv
BC,2022,10,86.5878787878788,198,fr_climat_sommaires_BC_10-2022.csv
BC,2022,11,94.69641025641027,195,fr_climat_sommaires_BC_11-2022.csv
BC,2022,12,130.3715736040609,197,fr_climat_sommaires_BC_12-2022.csv
BC,2023,1,113.13787878787876,198,fr_climat_sommaires_BC_01-2023.csv
BC,2023,2,114.81230769230768,195,fr_climat_sommaires_BC_02-2023.csv
BC,2023,3,48.203092783505156,194,fr_climat_sommaires_BC_03-2023.csv
BC,2023,4,99.3314720812183,197,fr_climat_sommaires_BC_04-2023.csv
BC,2023,5,27.426395939086294,197,fr_climat_sommaires_BC_05-2023.csv
BC,2023,6,32.083417085427136,199,fr_climat_sommaires_BC_06-2023.csv
BC,2023,7,27.7615,200,fr_climat_sommaires_BC_07-2023.csv
BC,2023,8,32.33366834170854,199,fr_climat_sommaires_BC_08-2023.csv
BC,2023,9,58.017326732673276,202,fr_climat_sommaires_BC_09-2023.csv
BC,2023,10,96.6883495145631,206,fr_climat_sommaires_BC_10-2023.csv
BC,2023,11,123.79158415841584,202,fr_climat_sommaires_BC_11-2023.csv
BC,2023,12,170.37450980392157,204,fr_climat_sommaires_BC_12-2023.csv
BC,2024,1,158.84384236453204,203,fr_climat_sommaires_BC_01-2024.csv
BC,2024,2,78.6726368159204,201,fr_climat_sommaires_BC_02-2024.csv
BC,2024,3,71.80555555555557,198,fr_climat_sommaires_BC_03-2024.csv
BC,2024,4,70.1035175879397,199,fr_climat_sommaires_BC_04-2024.csv
BC,2024,5,66.29447236180904,199,fr_climat_sommaires_BC_05-2024.csv
BC,2024,6,67.97960199004974,201,fr_climat_sommaires_BC_06-2024.csv
BC,2024,7,25.909950248756218,201,fr_climat_sommaires_BC_07-2024.csv
BC,2024,8,57.15172413793103,203,fr_climat_sommaires_BC_08-2024.csv
BC,2024,9,87.26930693069308,202,fr_climat_sommaires_BC_09-2024.csv
BC,2024,10,167.61293532338308,201,fr_climat_sommaires_BC_10-2024.csv
BC,2024,11,157.08415841584159,202,fr_climat_sommaires_BC_11-2024.csv
BC,2024,12,155.4555,200,fr_climat_sommaires_BC_12-2024.csv
BC,2025,1,60.889795918367355,196,fr_climat_sommaires_BC_01-2025.csv
BC,2025,2,76.76281407035177,199,fr_climat_sommaires_BC_02-2025.csv
BC,2025,3,133.61859296482416,199,fr_climat_sommaires_BC_03-2025.csv
BC,2025,4,51.73819095477387,199,fr_climat_sommaires_BC_04-2025.csv
BC,2025,5,77.01538461538462,195,fr_climat_sommaires_BC_05-2025.csv
BC,2025,6,34.27908163265307,196,fr_climat_sommaires_BC_06-2025.csv
BC,2025,7,36.202051282051286,195,fr_climat_sommaires_BC_07-2025.csv
BC,2025,8,61.47979274611399,193,fr_climat_sommaires_BC_08-2025.csv
BC,2025,9,75.14,195,fr_climat_sommaires_BC_09-2025.csv
BC,2025,10,131.34591836734694,196,fr_climat_sommaires_BC_10-2025.csv
BC,2025,11,130.02708333333334,192,fr_climat_sommaires_BC_11-2025.csv
BC,2025,12,207.6278350515464,194,fr_climat_sommaires_BC_12-2025.csv
MB,2000,1,25.36028368794326,141,fr_climat_sommaires_MB_01-2000.csv
MB,2000,2,21.263815789473682,152,fr_climat_sommaires_MB_02-2000.csv
MB,2000,3,23.807096774193546,155,fr_climat_sommaires_MB_03-2000.csv
MB,2000,4,16.0828025477707,157,fr_climat_sommaires_MB_04-2000.csv
MB,2000,5,55.57324840764331,157,fr_climat_sommaires_MB_05-2000.csv
MB,2000,6,107.30506329113926,158,fr_climat_sommaires_MB_06-2000.csv
MB,2000,7,88.74807692307692,156,fr_climat_sommaires_MB_07-2000.csv
MB,2000,8,77.15483870967742,155,fr_climat_sommaires_MB_08-2000.csv
MB,2000,9,61.68164556962026,158,fr_climat_sommaires_MB_09-2000.csv
MB,2000,10,26.8474358974359,156,fr_climat_sommaires_MB_10-2000.csv
MB,2000,11,73.33355704697988,149,fr_climat_sommaires_MB_11-2000.csv
MB,2000,12,36.47037037037037,135,fr_climat_sommaires_MB_12-2000.csv
MB,2001,1,10.38529411764706,136,fr_climat_sommaires_MB_01-2001.csv
MB,2001,2,12.841666666666667,132,fr_climat_sommaires_MB_02-2001.csv
MB,2001,3,21.252112676056335,142,fr_climat_sommaires_MB_03-2001.csv
MB,2001,4,23.469127516778528,149,fr_climat_sommaires_MB_04-2001.csv
MB,2001,5,81.67533333333333,150,fr_climat_sommaires_MB_05-2001.csv
MB,2001,6,87.35032679738562,153,fr_climat_sommaires_MB_06-2001.csv
MB,2001,7,87.48157894736842,152,fr_climat_sommaires_MB_07-2001.csv
MB,2001,8,40.87320261437908,153,fr_climat_sommaires_MB_08-2001.csv
MB,2001,9,31.08675496688742,151,fr_climat_sommaires_MB_09-2001.csv
MB,2001,10,25.744000000000003,150,fr_climat_sommaires_MB_10-2001.csv
MB,2001,11,14.604929577464786,142,fr_climat_sommaires_MB_11-2001.csv
MB,2001,12,25.904477611940298,134,fr_climat_sommaires_MB_12-2001.csv
MB,2002,1,17.453435114503815,131,fr_climat_sommaires_MB_01-2002.csv
MB,2002,2,6.8330769230769235,130,fr_climat_sommaires_MB_02-2002.csv
MB,2002,3,22.028030303030302,132,fr_climat_sommaires_MB_03-2002.csv
MB,2002,4,26.539455782312928,147,fr_climat_sommaires_MB_04-2002.csv
MB,2002,5,33.156081081081076,148,fr_climat_sommaires_MB_05-2002.csv
MB,2002,6,92.91632653061225,147,fr_climat_sommaires_MB_06-2002.csv
MB,2002,7,63.95655172413794,145,fr_climat_sommaires_MB_07-2002.csv
MB,2002,8,106.27552447552446,143,fr_climat_sommaires_MB_08-2002.csv
MB,2002,9,44.043356643356645,143,fr_climat_sommaires_MB_09-2002.csv
MB,2002,10,16.616901408450705,142,fr_climat_sommaires_MB_10-2002.csv
MB,2002,11,13.319685039370079,127,fr_climat_sommaires_MB_11-2002.csv
MB,2002,12,29.247540983606555,122,fr_climat_sommaires_MB_12-2002.csv
MB,2003,1,11.734959349593497,123,fr_climat_sommaires_MB_01-2003.csv
MB,2003,2,14.806451612903226,124,fr_climat_sommaires_MB_02-2003.csv
MB,2003,3,13.740769230769228,130,fr_climat_sommaires_MB_03-2003.csv
MB,2003,4,30.401449275362317,138,fr_climat_sommaires_MB_04-2003.csv
MB,2003,5,50.37021276595745,141,fr_climat_sommaires_MB_05-2003.csv
MB,2003,6,82.47304964539008,141,fr_climat_sommaires_MB_06-2003.csv
MB,2003,7,48.74428571428572,140,fr_climat_sommaires_MB_07-2003.csv
MB,2003,8,49.82785714285714,140,fr_climat_sommaires_MB_08-2003.csv
MB,2003,9,68.2568345323741,139,fr_climat_sommaires_MB_09-2003.csv
MB,2003,10,25.03405797101449,138,fr_climat_sommaires_MB_10-2003.csv
MB,2003,11,14.381967213114756,122,fr_climat_sommaires_MB_11-2003.csv
MB,2003,12,27.516666666666666,120,fr_climat_sommaires_MB_12-2003.csv
MB,2004,1,40.75847457627118,118,fr_climat_sommaires_MB_01-2004.csv
MB,2004,2,11.999173553719007,121,fr_climat_sommaires_MB_02-2004.csv
MB,2004,3,50.7992,125,fr_climat_sommaires_MB_03-2004.csv
MB,2004,4,21.75151515151515,132,fr_climat_sommaires_MB_04-2004.csv
MB,2004,5,108.83863636363637,132,fr_climat_sommaires_MB_05-2004.csv
MB,2004,6,55.82265625,128,fr_climat_sommaires_MB_06-2004.csv
MB,2004,7,66.29090909090908,132,fr_climat_sommaires_MB_07-2004.csv
MB,2004,8,90.80078740157482,127,fr_climat_sommaires_MB_08-2004.csv
MB,2004,9,57.033333333333324,129,fr_climat_sommaires_MB_09-2004.csv
MB,2004,10,43.766141732283465,127,fr_climat_sommaires_MB_10-2004.csv
MB,2004,11,12.066141732283466,127,fr_climat_sommaires_MB_11-2004.csv
MB,2004,12,40.20650406504065,123,fr_climat_sommaires_MB_12-2004.csv
MB,2005,1,35.1135593220339,118,fr_climat_sommaires_MB_01-2005.csv
MB,2005,2,10.04695652173913,115,fr_climat_sommaires_MB_02-2005.csv
MB,2005,3,23.06393442622951,122,fr_climat_sommaires_MB_03-2005.csv
MB,2005,4,22.483620689655172,116,fr_climat_sommaires_MB_04-2005.csv
MB,2005,5,72.14636363636365,110,fr_climat_sommaires_MB_05-2005.csv
MB,2005,6,158.94513274336285,113,fr_climat_sommaires_MB_06-2005.csv
MB,2005,7,95.00088495575221,113,fr_climat_sommaires_MB_07-2005.csv
MB,2005,8,56.87433628318584,113,fr_climat_sommaires_MB_08-2005.csv
MB,2005,9,39.2448275862069,116,fr_climat_sommaires_MB_09-2005.csv
MB,2005,10,27.879761904761907,84,fr_climat_sommaires_MB_10-2005.csv
MB,2005,11,34.99878048780488,82,fr_climat_sommaires_MB_11-2005.csv
MB,2005,12,25.006363636363638,110,fr_climat_sommaires_MB_12-2005.csv
MB,2006,1,24.00086956521739,115,fr_climat_sommaires_MB_01-2006.csv
MB,2006,2,15.136936936936937,111,fr_climat_sommaires_MB_02-2006.csv
MB,2006,3,27.223636363636363,110,fr_climat_sommaires_MB_03-2006.csv
MB,2006,4,20.91588785046729,107,fr_climat_sommaires_MB_04-2006.csv
MB,2006,5,57.73207547169812,106,fr_climat_sommaires_MB_05-2006.csv
MB,2006,6,47.98701298701299,77,fr_climat_sommaires_MB_06-2006.csv
MB,2006,7,46.10277777777779,72,fr_climat_sommaires_MB_07-2006.csv
MB,2006,8,57.50131578947368,76,fr_climat_sommaires_MB_08-2006.csv
MB,2006,9,51.63333333333334,78,fr_climat_sommaires_MB_09-2006.csv
MB,2006,10,30.83451327433628,113,fr_climat_sommaires_MB_10-2006.csv
MB,2006,11,29.631249999999998,112,fr_climat_sommaires_MB_11-2006.csv
MB,2006,12,20.643119266055045,109,fr_climat_sommaires_MB_12-2006.csv
MB,2007,1,12.897142857142857,105,fr_climat_sommaires_MB_01-2007.csv
MB,2007,2,22.52,100,fr_climat_sommaires_MB_02-2007.csv
MB,2007,3,34.7070796460177,113,fr_climat_sommaires_MB_03-2007.csv
MB,2007,4,10.242201834862383,109,fr_climat_sommaires_MB_04-2007.csv
MB,2007,5,78.08611111111112,108,fr_climat_sommaires_MB_05-2007.csv
MB,2007,6,108.91296296296296,108,fr_climat_sommaires_MB_06-2007.csv
MB,2007,7,52.86296296296296,108,fr_climat_sommaires_MB_07-2007.csv
MB,2007,8,47.47476635514019,107,fr_climat_sommaires_MB_08-2007.csv
MB,2007,9,44.2962962962963,108,fr_climat_sommaires_MB_09-2007.csv
MB,2007,10,45.02523364485981,107,fr_climat_sommaires_MB_10-2007.csv
MB,2007,11,18.755,100,fr_climat_sommaires_MB_11-2007.csv
MB,2007,12,22.642253521126758,71,fr_climat_sommaires_MB_12-2007.csv
MB,2008,1,8.843333333333334,90,fr_climat_sommaires_MB_01-2008.csv
MB,2008,2,13.386813186813187,91,fr_climat_sommaires_MB_02-2008.csv
MB,2008,3,22.927272727272726,88,fr_climat_sommaires_MB_03-2008.csv
MB,2008,4,16.522727272727273,88,fr_climat_sommaires_MB_04-2008.csv
MB,2008,5,29.895744680851067,94,fr_climat_sommaires_MB_05-2008.csv
MB,2008,6,92.14347826086956,92,fr_climat_sommaires_MB_06-2008.csv
MB,2008,7,89.21894736842104,95,fr_climat_sommaires_MB_07-2008.csv
MB,2008,8,69.28804347826087,92,fr_climat_sommaires_MB_08-2008.csv
MB,2008,9,53.10322580645162,93,fr_climat_sommaires_MB_09-2008.csv
MB,2008,10,47.481927710843365,83,fr_climat_sommaires_MB_10-2008.csv
MB,2008,11,24.30864197530864,81,fr_climat_sommaires_MB_11-2008.csv
MB,2008,12,24.66875,80,fr_climat_sommaires_MB_12-2008.csv
MB,2009,1,17.69078947368421,76,fr_climat_sommaires_MB_01-2009.csv
MB,2009,2,27.776000000000003,75,fr_climat_sommaires_MB_02-2009.csv
MB,2009,3,41.568,75,fr_climat_sommaires_MB_03-2009.csv
MB,2009,4,27.69066666666667,75,fr_climat_sommaires_MB_04-2009.csv
MB,2009,5,49.86707317073171,82,fr_climat_sommaires_MB_05-2009.csv
MB,2009,6,64.85975609756098,82,fr_climat_sommaires_MB_06-2009.csv
MB,2009,7,77.32142857142856,84,fr_climat_sommaires_MB_07-2009.csv
MB,2009,8,71.89761904761905,84,fr_climat_sommaires_MB_08-2009.csv
MB,2009,9,33.59761904761905,84,fr_climat_sommaires_MB_09-2009.csv
MB,2009,10,38.90519480519481,77,fr_climat_sommaires_MB_10-2009.csv
MB,2009,11,7.150000000000001,76,fr_climat_sommaires_MB_11-2009.csv
MB,2009,12,21.668421052631583,76,fr_climat_sommaires_MB_12-2009.csv
MB,2010,1,22.65479452054795,73,fr_climat_sommaires_MB_01-2010.csv
MB,2010,2,15.262666666666668,75,fr_climat_sommaires_MB_02-2010.csv
MB,2010,3,8.12105263157895,76,fr_climat_sommaires_MB_03-2010.csv
MB,2010,4,40.892105263157895,76,fr_climat_sommaires_MB_04-2010.csv
MB,2010,5,112.64615384615382,78,fr_climat_sommaires_MB_05-2010.csv
MB,2010,6,88.19113924050632,79,fr_climat_sommaires_MB_06-2010.csv
MB,2010,7,73.90759493670888,79,fr_climat_sommaires_MB_07-2010.csv
MB,2010,8,114.41309523809522,84,fr_climat_sommaires_MB_08-2010.csv
MB,2010,9,65.78571428571429,84,fr_climat_sommaires_MB_09-2010.csv
MB,2010,10,53.32692307692308,78,fr_climat_sommaires_MB_10-2010.csv
MB,2010,11,31.34936708860759,79,fr_climat_sommaires_MB_11-2010.csv
MB,2010,12,18.165789473684214,76,fr_climat_sommaires_MB_12-2010.csv
MB,2011,1,27.44788732394366,71,fr_climat_sommaires_MB_01-2011.csv
MB,2011,2,11.48450704225352,71,fr_climat_sommaires_MB_02-2011.csv
MB,2011,3,17.544444444444444,72,fr_climat_sommaires_MB_03-2011.csv
MB,2011,4,41.87792207792207,77,fr_climat_sommaires_MB_04-2011.csv
MB,2011,5,70.10864197530863,81,fr_climat_sommaires_MB_05-2011.csv
MB,2011,6,65.37375,80,fr_climat_sommaires_MB_06-2011.csv
MB,2011,7,55.16363636363637,77,fr_climat_sommaires_MB_07-2011.csv
MB,2011,8,58.324358974358965,78,fr_climat_sommaires_MB_08-2011.csv
MB,2011,9,36.72597402597402,77,fr_climat_sommaires_MB_09-2011.csv
MB,2011,10,26.938666666666666,75,fr_climat_sommaires_MB_10-2011.csv
MB,2011,11,20.396052631578947,76,fr_climat_sommaires_MB_11-2011.csv
MB,2011,12,12.034210526315789,76,fr_climat_sommaires_MB_12-2011.csv
MB,2012,1,17.502597402597406,77,fr_climat_sommaires_MB_01-2012.csv
MB,2012,2,8.206578947368422,76,fr_climat_sommaires_MB_02-2012.csv
MB,2012,3,37.137662337662334,77,fr_climat_sommaires_MB_03-2012.csv
MB,2012,4,25.77307692307692,78,fr_climat_sommaires_MB_04-2012.csv
MB,2012,5,73.80128205128203,78,fr_climat_sommaires_MB_05-2012.csv
MB,2012,6,78.74303797468356,79,fr_climat_sommaires_MB_06-2012.csv
MB,2012,7,59.95374999999999,80,fr_climat_sommaires_MB_07-2012.csv
MB,2012,8,59.46124999999999,80,fr_climat_sommaires_MB_08-2012.csv
MB,2012,9,24.38481012658228,79,fr_climat_sommaires_MB_09-2012.csv
MB,2012,10,77.16363636363636,77,fr_climat_sommaires_MB_10-2012.csv
MB,2012,11,42.64415584415585,77,fr_climat_sommaires_MB_11-2012.csv
MB,2012,12,19.314102564102566,78,fr_climat_sommaires_MB_12-2012.csv
MB,2013,1,25.716666666666665,78,fr_climat_sommaires_MB_01-2013.csv
MB,2013,2,12.249999999999998,78,fr_climat_sommaires_MB_02-2013.csv
MB,2013,3,24.90128205128205,78,fr_climat_sommaires_MB_03-2013.csv
MB,2013,4,22.285,80,fr_climat_sommaires_MB_04-2013.csv
MB,2013,5,57.019753086419755,81,fr_climat_sommaires_MB_05-2013.csv
MB,2013,6,74.02374999999999,80,fr_climat_sommaires_MB_06-2013.csv
MB,2013,7,77.73717948717947,78,fr_climat_sommaires_MB_07-2013.csv
MB,2013,8,50.150000000000006,78,fr_climat_sommaires_MB_08-2013.csv
MB,2013,9,51.47179487179487,78,fr_climat_sommaires_MB_09-2013.csv
MB,2013,10,34.53589743589743,78,fr_climat_sommaires_MB_10-2013.csv
MB,2013,11,28.292,75,fr_climat_sommaires_MB_11-2013.csv
MB,2013,12,27.29736842105263,76,fr_climat_sommaires_MB_12-2013.csv
MB,2014,1,36.96000000000001,75,fr_climat_sommaires_MB_01-2014.csv
MB,2014,2,27.585333333333335,75,fr_climat_sommaires_MB_02-2014.csv
MB,2014,3,26.046666666666667,75,fr_climat_sommaires_MB_03-2014.csv
MB,2014,4,36.96578947368422,76,fr_climat_sommaires_MB_04-2014.csv
MB,2014,5,54.127848101265826,79,fr_climat_sommaires_MB_05-2014.csv
MB,2014,6,124.52820512820516,78,fr_climat_sommaires_MB_06-2014.csv
MB,2014,7,42.135897435897434,78,fr_climat_sommaires_MB_07-2014.csv
MB,2014,8,89.26973684210526,76,fr_climat_sommaires_MB_08-2014.csv
MB,2014,9,42.20384615384615,78,fr_climat_sommaires_MB_09-2014.csv
MB,2014,10,23.724050632911393,79,fr_climat_sommaires_MB_10-2014.csv
MB,2014,11,18.88101265822785,79,fr_climat_sommaires_MB_11-2014.csv
MB,2014,12,9.616000000000001,75,fr_climat_sommaires_MB_12-2014.csv
MB,2015,1,15.002631578947373,76,fr_climat_sommaires_MB_01-2015.csv
MB,2015,2,15.074324324324325,74,fr_climat_sommaires_MB_02-2015.csv
MB,2015,3,17.22162162162162,74,fr_climat_sommaires_MB_03-2015.csv
MB,2015,4,16.21184210526316,76,fr_climat_sommaires_MB_04-2015.csv
MB,2015,5,59.021333333333324,75,fr_climat_sommaires_MB_05-2015.csv
MB,2015,6,63.16756756756756,74,fr_climat_sommaires_MB_06-2015.csv
MB,2015,7,100.62702702702701,74,fr_climat_sommaires_MB_07-2015.csv
MB,2015,8,67.40945945945946,74,fr_climat_sommaires_MB_08-2015.csv
MB,2015,9,54.2527027027027,74,fr_climat_sommaires_MB_09-2015.csv
MB,2015,10,39.812000000000005,75,fr_climat_sommaires_MB_10-2015.csv
MB,2015,11,21.578666666666663,75,fr_climat_sommaires_MB_11-2015.csv
MB,2015,12,20.775342465753425,73,fr_climat_sommaires_MB_12-2015.csv
MB,2016,1,13.367105263157894,76,fr_climat_sommaires_MB_01-2016.csv
MB,2016,2,15.558666666666666,75,fr_climat_sommaires_MB_02-2016.csv
MB,2016,3,25.161038961038958,77,fr_climat_sommaires_MB_03-2016.csv
MB,2016,4,36.61447368421052,76,fr_climat_sommaires_MB_04-2016.csv
MB,2016,5,57.50394736842105,76,fr_climat_sommaires_MB_05-2016.csv
MB,2016,6,74.10131578947369,76,fr_climat_sommaires_MB_06-2016.csv
MB,2016,7,84.84626865671642,67,fr_climat_sommaires_MB_07-2016.csv
MB,2016,8,61.730000000000004,70,fr_climat_sommaires_MB_08-2016.csv
MB,2016,9,62.657142857142844,70,fr_climat_sommaires_MB_09-2016.csv
MB,2016,10,77.8125,72,fr_climat_sommaires_MB_10-2016.csv
MB,2016,11,19.491666666666667,72,fr_climat_sommaires_MB_11-2016.csv
MB,2016,12,30.1718309859155,71,fr_climat_sommaires_MB_12-2016.csv
MB,2017,1,15.298591549295772,71,fr_climat_sommaires_MB_01-2017.csv
MB,2017,2,10.825714285714287,70,fr_climat_sommaires_MB_02-2017.csv
MB,2017,3,26.631343283582094,67,fr_climat_sommaires_MB_03-2017.csv
MB,2017,4,21.02638888888889,72,fr_climat_sommaires_MB_04-2017.csv
MB,2017,5,30.925352112676055,71,fr_climat_sommaires_MB_05-2017.csv
MB,2017,6,66.56285714285714,70,fr_climat_sommaires_MB_06-2017.csv
MB,2017,7,47.607142857142854,70,fr_climat_sommaires_MB_07-2017.csv
MB,2017,8,31.126086956521736,69,fr_climat_sommaires_MB_08-2017.csv
MB,2017,9,69.99714285714286,70,fr_climat_sommaires_MB_09-2017.csv
MB,2017,10,30.429577464788725,71,fr_climat_sommaires_MB_10-2017.csv
MB,2017,11,20.795714285714286,70,fr_climat_sommaires_MB_11-2017.csv
MB,2017,12,12.602898550724637,69,fr_climat_sommaires_MB_12-2017.csv
MB,2018,1,14.373529411764705,68,fr_climat_sommaires_MB_01-2018.csv
MB,2018,2,5.737313432835821,67,fr_climat_sommaires_MB_02-2018.csv
MB,2018,3,19.238235294117644,68,fr_climat_sommaires_MB_03-2018.csv
MB,2018,4,6.246268656716418,67,fr_climat_sommaires_MB_04-2018.csv
MB,2018,5,32.95942028985507,69,fr_climat_sommaires_MB_05-2018.csv
MB,2018,6,81.29411764705881,68,fr_climat_sommaires_MB_06-2018.csv
MB,2018,7,67.66119402985076,67,fr_climat_sommaires_MB_07-2018.csv
MB,2018,8,34.256521739130434,69,fr_climat_sommaires_MB_08-2018.csv
MB,2018,9,64.6376811594203,69,fr_climat_sommaires_MB_09-2018.csv
MB,2018,10,33.89565217391304,69,fr_climat_sommaires_MB_10-2018.csv
MB,2018,11,16.916176470588233,68,fr_climat_sommaires_MB_11-2018.csv
MB,2018,12,13.965151515151517,66,fr_climat_sommaires_MB_12-2018.csv
MB,2019,1,17.765151515151516,66,fr_climat_sommaires_MB_01-2019.csv
MB,2019,2,18.904545454545456,66,fr_climat_sommaires_MB_02-2019.csv
MB,2019,3,5.798461538461539,65,fr_climat_sommaires_MB_03-2019.csv
MB,2019,4,16.791044776119403,67,fr_climat_sommaires_MB_04-2019.csv
MB,2019,5,25.09850746268657,67,fr_climat_sommaires_MB_05-2019.csv
MB,2019,6,50.33283582089552,67,fr_climat_sommaires_MB_06-2019.csv
MB,2019,7,73.62388059701493,67,fr_climat_sommaires_MB_07-2019.csv
MB,2019,8,68.39850746268657,67,fr_climat_sommaires_MB_08-2019.csv
MB,2019,9,107.50895522388059,67,fr_climat_sommaires_MB_09-2019.csv
MB,2019,10,44.81029411764706,68,fr_climat_sommaires_MB_10-2019.csv
MB,2019,11,15.593939393939394,66,fr_climat_sommaires_MB_11-2019.csv
MB,2019,12,9.190909090909093,66,fr_climat_sommaires_MB_12-2019.csv
MB,2020,1,17.871212121212118,66,fr_climat_sommaires_MB_01-2020.csv
MB,2020,2,6.05,66,fr_climat_sommaires_MB_02-2020.csv
MB,2020,3,14.838235294117649,68,fr_climat_sommaires_MB_03-2020.csv
MB,2020,4,29.082089552238802,67,fr_climat_sommaires_MB_04-2020.csv
MB,2020,5,28.96969696969697,66,fr_climat_sommaires_MB_05-2020.csv
MB,2020,6,100.5140625,64,fr_climat_sommaires_MB_06-2020.csv
MB,2020,7,75.40757575757576,66,fr_climat_sommaires_MB_07-2020.csv
MB,2020,8,60.889062499999994,64,fr_climat_sommaires_MB_08-2020.csv
MB,2020,9,24.021538461538462,65,fr_climat_sommaires_MB_09-2020.csv
MB,2020,10,20.147826086956524,69,fr_climat_sommaires_MB_10-2020.csv
MB,2020,11,13.725,68,fr_climat_sommaires_MB_11-2020.csv
MB,2020,12,17.32753623188406,69,fr_climat_sommaires_MB_12-2020.csv
MB,2021,1,11.97910447761194,67,fr_climat_sommaires_MB_01-2021.csv
MB,2021,2,8.03768115942029,69,fr_climat_sommaires_MB_02-2021.csv
MB,2021,3,11.854411764705882,68,fr_climat_sommaires_MB_03-2021.csv
MB,2021,4,17.148571428571426,70,fr_climat_sommaires_MB_04-2021.csv
MB,2021,5,36.41449275362318,69,fr_climat_sommaires_MB_05-2021.csv
MB,2021,6,61.02898550724639,69,fr_climat_sommaires_MB_06-2021.csv
MB,2021,7,24.365714285714287,70,fr_climat_sommaires_MB_07-2021.csv
MB,2021,8,85.51884057971013,69,fr_climat_sommaires_MB_08-2021.csv
MB,2021,9,24.67794117647059,68,fr_climat_sommaires_MB_09-2021.csv
MB,2021,10,44.80294117647059,68,fr_climat_sommaires_MB_10-2021.csv
MB,2021,11,26.838805970149256,67,fr_climat_sommaires_MB_11-2021.csv
MB,2021,12,21.329850746268654,67,fr_climat_sommaires_MB_12-2021.csv
MB,2022,1,24.592537313432835,67,fr_climat_sommaires_MB_01-2022.csv
MB,2022,2,22.246268656716413,67,fr_climat_sommaires_MB_02-2022.csv
MB,2022,3,16.025373134328355,67,fr_climat_sommaires_MB_03-2022.csv
MB,2022,4,67.77462686567165,67,fr_climat_sommaires_MB_04-2022.csv
MB,2022,5,101.55072463768117,69,fr_climat_sommaires_MB_05-2022.csv
MB,2022,6,77.83283582089554,67,fr_climat_sommaires_MB_06-2022.csv
MB,2022,7,78.95522388059702,67,fr_climat_sommaires_MB_07-2022.csv
MB,2022,8,57.65454545454545,66,fr_climat_sommaires_MB_08-2022.csv
MB,2022,9,35.94696969696969,66,fr_climat_sommaires_MB_09-2022.csv
MB,2022,10,32.3359375,64,fr_climat_sommaires_MB_10-2022.csv
MB,2022,11,22.732307692307696,65,fr_climat_sommaires_MB_11-2022.csv
MB,2022,12,22.516923076923074,65,fr_climat_sommaires_MB_12-2022.csv
MB,2023,1,7.526153846153846,65,fr_climat_sommaires_MB_01-2023.csv
MB,2023,2,10.456923076923077,65,fr_climat_sommaires_MB_02-2023.csv
MB,2023,3,6.64,65,fr_climat_sommaires_MB_03-2023.csv
MB,2023,4,24.64179104477612,67,fr_climat_sommaires_MB_04-2023.csv
MB,2023,5,27.105970149253736,67,fr_climat_sommaires_MB_05-2023.csv
MB,2023,6,56.56716417910449,67,fr_climat_sommaires_MB_06-2023.csv
MB,2023,7,48.91470588235293,68,fr_climat_sommaires_MB_07-2023.csv
MB,2023,8,46.86000000000001,65,fr_climat_sommaires_MB_08-2023.csv
MB,2023,9,33.188235294117646,68,fr_climat_sommaires_MB_09-2023.csv
MB,2023,10,43.66376811594203,69,fr_climat_sommaires_MB_10-2023.csv
MB,2023,11,17.2985294117647,68,fr_climat_sommaires_MB_11-2023.csv
MB,2023,12,9.798507462686565,67,fr_climat_sommaires_MB_12-2023.csv
MB,2024,1,15.673529411764704,68,fr_climat_sommaires_MB_01-2024.csv
MB,2024,2,12.086764705882352,68,fr_climat_sommaires_MB_02-2024.csv
MB,2024,3,22.782089552238805,67,fr_climat_sommaires_MB_03-2024.csv
MB,2024,4,34.82835820895522,67,fr_climat_sommaires_MB_04-2024.csv
MB,2024,5,90.91641791044776,67,fr_climat_sommaires_MB_05-2024.csv
MB,2024,6,93.42608695652173,69,fr_climat_sommaires_MB_06-2024.csv
MB,2024,7,58.228985507246385,69,fr_climat_sommaires_MB_07-2024.csv
MB,2024,8,54.03623188405797,69,fr_climat_sommaires_MB_08-2024.csv
MB,2024,9,45.97352941176471,68,fr_climat_sommaires_MB_09-2024.csv
MB,2024,10,11.762318840579711,69,fr_climat_sommaires_MB_10-2024.csv
MB,2024,11,40.43913043478261,69,fr_climat_sommaires_MB_11-2024.csv
MB,2024,12,21.022058823529413,68,fr_climat_sommaires_MB_12-2024.csv
MB,2025,1,12.079411764705883,68,fr_climat_sommaires_MB_01-2025.csv
MB,2025,2,10.04776119402985,67,fr_climat_sommaires_MB_02-2025.csv
MB,2025,3,11.3,68,fr_climat_sommaires_MB_03-2025.csv
MB,2025,4,14.466666666666665,69,fr_climat_sommaires_MB_04-2025.csv
MB,2025,5,32.60434782608696,69,fr_climat_sommaires_MB_05-2025.csv
MB,2025,6,37.56818181818182,66,fr_climat_sommaires_MB_06-2025.csv
MB,2025,7,39.31739130434782,69,fr_climat_sommaires_MB_07-2025.csv
MB,2025,8,72.24328358208955,67,fr_climat_sommaires_MB_08-2025.csv
MB,2025,9,46.08939393939394,66,fr_climat_sommaires_MB_09-2025.csv
MB,2025,10,70.25223880597014,67,fr_climat_sommaires_MB_10-2025.csv
MB,2025,11,8.659701492537314,67,fr_climat_sommaires_MB_11-2025.csv
MB,2025,12,28.451470588235296,68,fr_climat_sommaires_MB_12-2025.csv
NB,2000,1,126.57647058823531,51,fr_climat_sommaires_NB_01-2000.csv
NB,2000,2,59.378431372549024,51,fr_climat_sommaires_NB_02-2000.csv
NB,2000,3,93.74117647058824,51,fr_climat_sommaires_NB_03-2000.csv
NB,2000,4,121.64117647058823,51,fr_climat_sommaires_NB_04-2000.csv
NB,2000,5,103.54423076923078,52,fr_climat_sommaires_NB_05-2000.csv
NB,2000,6,58.36666666666667,54,fr_climat_sommaires_NB_06-2000.csv
NB,2000,7,79.03703703703704,54,fr_climat_sommaires_NB_07-2000.csv
NB,2000,8,72.93272727272729,55,fr_climat_sommaires_NB_08-2000.csv
NB,2000,9,76.92545454545456,55,fr_climat_sommaires_NB_09-2000.csv
NB,2000,10,110.65555555555557,54,fr_climat_sommaires_NB_10-2000.csv
NB,2000,11,98.30185185185185,54,fr_climat_sommaires_NB_11-2000.csv
NB,2000,12,101.89999999999999,53,fr_climat_sommaires_NB_12-2000.csv
NB,2001,1,57.6530612244898,49,fr_climat_sommaires_NB_01-2001.csv
NB,2001,2,79.71249999999999,48,fr_climat_sommaires_NB_02-2001.csv
NB,2001,3,83.2627450980392,51,fr_climat_sommaires_NB_03-2001.csv
NB,2001,4,48.54150943396227,53,fr_climat_sommaires_NB_04-2001.csv
NB,2001,5,100.37692307692308,52,fr_climat_sommaires_NB_05-2001.csv
NB,2001,6,82.5265306122449,49,fr_climat_sommaires_NB_06-2001.csv
NB,2001,7,72.42083333333333,48,fr_climat_sommaires_NB_07-2001.csv
NB,2001,8,47.434,50,fr_climat_sommaires_NB_08-2001.csv
NB,2001,9,71.50000000000001,47,fr_climat_sommaires_NB_09-2001.csv
NB,2001,10,74.8906976744186,43,fr_climat_sommaires_NB_10-2001.csv
NB,2001,11,82.56744186046512,43,fr_climat_sommaires_NB_11-2001.csv
NB,2001,12,38.18636363636364,44,fr_climat_sommaires_NB_12-2001.csv
NB,2002,1,79.9,44,fr_climat_sommaires_NB_01-2002.csv
NB,2002,2,96.53777777777779,45,fr_climat_sommaires_NB_02-2002.csv
NB,2002,3,87.46444444444445,45,fr_climat_sommaires_NB_03-2002.csv
NB,2002,4,116.0088888888889,45,fr_climat_sommaires_NB_04-2002.csv
NB,2002,5,81.7642857142857,42,fr_climat_sommaires_NB_05-2002.csv
NB,2002,6,67.03777777777778,45,fr_climat_sommaires_NB_06-2002.csv
NB,2002,7,122.55454545454546,44,fr_climat_sommaires_NB_07-2002.csv
NB,2002,8,51.85681818181818,44,fr_climat_sommaires_NB_08-2002.csv
NB,2002,9,138.9659090909091,44,fr_climat_sommaires_NB_09-2002.csv
NB,2002,10,69.0953488372093,43,fr_climat_sommaires_NB_10-2002.csv
NB,2002,11,146.29761904761904,42,fr_climat_sommaires_NB_11-2002.csv
NB,2002,12,96.98,40,fr_climat_sommaires_NB_12-2002.csv
NB,2003,1,47.08636363636364,44,fr_climat_sommaires_NB_01-2003.csv
NB,2003,2,93.30999999999999,40,fr_climat_sommaires_NB_02-2003.csv
NB,2003,3,134.88974358974363,39,fr_climat_sommaires_NB_03-2003.csv
NB,2003,4,60.5175,40,fr_climat_sommaires_NB_04-2003.csv
NB,2003,5,86.00952380952381,42,fr_climat_sommaires_NB_05-2003.csv
NB,2003,6,91.18809523809523,42,fr_climat_sommaires_NB_06-2003.csv
NB,2003,7,100.41162790697673,43,fr_climat_sommaires_NB_07-2003.csv
NB,2003,8,99.67045454545455,44,fr_climat_sommaires_NB_08-2003.csv
NB,2003,9,52.377272727272725,44,fr_climat_sommaires_NB_09-2003.csv
NB,2003,10,196.52999999999997,40,fr_climat_sommaires_NB_10-2003.csv
NB,2003,11,84.15348837209304,43,fr_climat_sommaires_NB_11-2003.csv
NB,2003,12,117.25476190476188,42,fr_climat_sommaires_NB_12-2003.csv
NB,2004,1,46.65714285714286,42,fr_climat_sommaires_NB_01-2004.csv
NB,2004,2,35.918604651162795,43,fr_climat_sommaires_NB_02-2004.csv
NB,2004,3,69.05000000000001,42,fr_climat_sommaires_NB_03-2004.csv
NB,2004,4,94.8952380952381,21,fr_climat_sommaires_NB_04-2004.csv
NB,2004,5,53.93333333333333,42,fr_climat_sommaires_NB_05-2004.csv
NB,2004,6,80.25853658536585,41,fr_climat_sommaires_NB_06-2004.csv
NB,2004,7,75.92439024390244,41,fr_climat_sommaires_NB_07-2004.csv
NB,2004,8,129.56585365853658,41,fr_climat_sommaires_NB_08-2004.csv
NB,2004,9,72.375,24,fr_climat_sommaires_NB_09-2004.csv
NB,2004,10,70.75714285714285,21,fr_climat_sommaires_NB_10-2004.csv
NB,2004,11,103.1425,40,fr_climat_sommaires_NB_11-2004.csv
NB,2004,12,108.28780487804879,41,fr_climat_sommaires_NB_12-2004.csv
NB,2005,1,60.64000000000001,40,fr_climat_sommaires_NB_01-2005.csv
NB,2005,2,47.792307692307695,39,fr_climat_sommaires_NB_02-2005.csv
NB,2005,3,115.24090909090911,22,fr_climat_sommaires_NB_03-2005.csv
NB,2005,4,126.64615384615387,39,fr_climat_sommaires_NB_04-2005.csv
NB,2005,5,135.06153846153848,26,fr_climat_sommaires_NB_05-2005.csv
NB,2005,6,60.526923076923076,26,fr_climat_sommaires_NB_06-2005.csv
NB,2005,7,78.47307692307692,26,fr_climat_sommaires_NB_07-2005.csv
NB,2005,8,98.23548387096777,31,fr_climat_sommaires_NB_08-2005.csv
NB,2005,9,110.332,25,fr_climat_sommaires_NB_09-2005.csv
NB,2005,10,201.92916666666667,24,fr_climat_sommaires_NB_10-2005.csv
NB,2005,11,144.6777777777778,36,fr_climat_sommaires_NB_11-2005.csv
NB,2005,12,127.01714285714284,35,fr_climat_sommaires_NB_12-2005.csv
NB,2006,1,88.25555555555556,36,fr_climat_sommaires_NB_01-2006.csv
NB,2006,2,65.45277777777778,36,fr_climat_sommaires_NB_02-2006.csv
NB,2006,3,29.596969696969698,33,fr_climat_sommaires_NB_03-2006.csv
NB,2006,4,72.91612903225808,31,fr_climat_sommaires_NB_04-2006.csv
NB,2006,5,97.99117647058823,34,fr_climat_sommaires_NB_05-2006.csv
NB,2006,6,156.32,30,fr_climat_sommaires_NB_06-2006.csv
NB,2006,7,120.46129032258062,31,fr_climat_sommaires_NB_07-2006.csv
NB,2006,8,62.880645161290325,31,fr_climat_sommaires_NB_08-2006.csv
NB,2006,9,70.54516129032258,31,fr_climat_sommaires_NB_09-2006.csv
NB,2006,10,179.63103448275862,29,fr_climat_sommaires_NB_10-2006.csv
NB,2006,11,122.00344827586206,29,fr_climat_sommaires_NB_11-2006.csv
NB,2006,12,71.96206896551725,29,fr_climat_sommaires_NB_12-2006.csv
NB,2007,1,93.803125,32,fr_climat_sommaires_NB_01-2007.csv
NB,2007,2,38.10625,32,fr_climat_sommaires_NB_02-2007.csv
NB,2007,3,88.00625,32,fr_climat_sommaires_NB_03-2007.csv
NB,2007,4,90.97096774193548,31,fr_climat_sommaires_NB_04-2007.csv
NB,2007,5,76.1,32,fr_climat_sommaires_NB_05-2007.csv
NB,2007,6,84.021875,32,fr_climat_sommaires_NB_06-2007.csv
NB,2007,7,97.71515151515152,33,fr_climat_sommaires_NB_07-2007.csv
NB,2007,8,85.85625,32,fr_climat_sommaires_NB_08-2007.csv
NB,2007,9,74.45625,32,fr_climat_sommaires_NB_09-2007.csv
NB,2007,10,75.48709677419353,31,fr_climat_sommaires_NB_10-2007.csv
NB,2007,11,156.49354838709678,31,fr_climat_sommaires_NB_11-2007.csv
NB,2007,12,97.57419354838709,31,fr_climat_sommaires_NB_12-2007.csv
NB,2008,1,93.76333333333334,30,fr_climat_sommaires_NB_01-2008.csv
NB,2008,2,131.78333333333333,30,fr_climat_sommaires_NB_02-2008.csv
NB,2008,3,113.97741935483872,31,fr_climat_sommaires_NB_03-2008.csv
NB,2008,4,51.272222222222226,36,fr_climat_sommaires_NB_04-2008.csv
NB,2008,5,67.76666666666667,36,fr_climat_sommaires_NB_05-2008.csv
NB,2008,6,100.46944444444446,36,fr_climat_sommaires_NB_06-2008.csv
NB,2008,7,91.9108108108108,37,fr_climat_sommaires_NB_07-2008.csv
NB,2008,8,110.9054054054054,37,fr_climat_sommaires_NB_08-2008.csv
NB,2008,9,124.64210526315792,38,fr_climat_sommaires_NB_09-2008.csv
NB,2008,10,116.23714285714284,35,fr_climat_sommaires_NB_10-2008.csv
NB,2008,11,125.91621621621623,37,fr_climat_sommaires_NB_11-2008.csv
NB,2008,12,148.40555555555554,36,fr_climat_sommaires_NB_12-2008.csv
NB,2009,1,74.45833333333334,36,fr_climat_sommaires_NB_01-2009.csv
NB,2009,2,79.10833333333333,36,fr_climat_sommaires_NB_02-2009.csv
NB,2009,3,62.90277777777778,36,fr_climat_sommaires_NB_03-2009.csv
NB,2009,4,102.89722222222221,36,fr_climat_sommaires_NB_04-2009.csv
NB,2009,5,109.72702702702703,37,fr_climat_sommaires_NB_05-2009.csv
NB,2009,6,115.56944444444444,36,fr_climat_sommaires_NB_06-2009.csv
NB,2009,7,148.8,36,fr_climat_sommaires_NB_07-2009.csv
NB,2009,8,96.29411764705881,34,fr_climat_sommaires_NB_08-2009.csv
NB,2009,9,62.900000000000006,36,fr_climat_sommaires_NB_09-2009.csv
NB,2009,10,176.4727272727273,33,fr_climat_sommaires_NB_10-2009.csv
NB,2009,11,74.26774193548387,31,fr_climat_sommaires_NB_11-2009.csv
NB,2009,12,92.13529411764705,34,fr_climat_sommaires_NB_12-2009.csv
NB,2010,1,70.45333333333333,30,fr_climat_sommaires_NB_01-2010.csv
NB,2010,2,55.90666666666665,30,fr_climat_sommaires_NB_02-2010.csv
NB,2010,3,82.61379310344827,29,fr_climat_sommaires_NB_03-2010.csv
NB,2010,4,39.686666666666675,30,fr_climat_sommaires_NB_04-2010.csv
NB,2010,5,56.133333333333326,30,fr_climat_sommaires_NB_05-2010.csv
NB,2010,6,136.11333333333334,30,fr_climat_sommaires_NB_06-2010.csv
NB,2010,7,98.97666666666666,30,fr_climat_sommaires_NB_07-2010.csv
NB,2010,8,37.529999999999994,30,fr_climat_sommaires_NB_08-2010.csv
NB,2010,9,131.90333333333334,30,fr_climat_sommaires_NB_09-2010.csv
NB,2010,10,126.63448275862069,29,fr_climat_sommaires_NB_10-2010.csv
NB,2010,11,149.54516129032257,31,fr_climat_sommaires_NB_11-2010.csv
NB,2010,12,156.28064516129032,31,fr_climat_sommaires_NB_12-2010.csv
NB,2011,1,72.91290322580645,31,fr_climat_sommaires_NB_01-2011.csv
NB,2011,2,94.11999999999999,30,fr_climat_sommaires_NB_02-2011.csv
NB,2011,3,75.43870967741937,31,fr_climat_sommaires_NB_03-2011.csv
NB,2011,4,90.24333333333333,30,fr_climat_sommaires_NB_04-2011.csv
NB,2011,5,139.2516129032258,31,fr_climat_sommaires_NB_05-2011.csv
NB,2011,6,115.89677419354841,31,fr_climat_sommaires_NB_06-2011.csv
NB,2011,7,122.65333333333334,30,fr_climat_sommaires_NB_07-2011.csv
NB,2011,8,133.89333333333335,30,fr_climat_sommaires_NB_08-2011.csv
NB,2011,9,54.85714285714287,28,fr_climat_sommaires_NB_09-2011.csv
NB,2011,10,106.23703703703704,27,fr_climat_sommaires_NB_10-2011.csv
NB,2011,11,74.66666666666667,27,fr_climat_sommaires_NB_11-2011.csv
NB,2011,12,100.61428571428571,28,fr_climat_sommaires_NB_12-2011.csv
NB,2012,1,70.93000000000002,30,fr_climat_sommaires_NB_01-2012.csv
NB,2012,2,70.86206896551724,29,fr_climat_sommaires_NB_02-2012.csv
NB,2012,3,42.93333333333333,30,fr_climat_sommaires_NB_03-2012.csv
NB,2012,4,96.33448275862068,29,fr_climat_sommaires_NB_04-2012.csv
NB,2012,5,84.81666666666666,30,fr_climat_sommaires_NB_05-2012.csv
NB,2012,6,107.046875,32,fr_climat_sommaires_NB_06-2012.csv
NB,2012,7,46.62333333333333,30,fr_climat_sommaires_NB_07-2012.csv
NB,2012,8,65.97333333333334,30,fr_climat_sommaires_NB_08-2012.csv
NB,2012,9,134.51000000000002,30,fr_climat_sommaires_NB_09-2012.csv
NB,2012,10,149.3222222222222,27,fr_climat_sommaires_NB_10-2012.csv
NB,2012,11,33.15714285714286,28,fr_climat_sommaires_NB_11-2012.csv
NB,2012,12,114.71785714285716,28,fr_climat_sommaires_NB_12-2012.csv
NB,2013,1,33.53333333333333,30,fr_climat_sommaires_NB_01-2013.csv
NB,2013,2,74.78571428571429,28,fr_climat_sommaires_NB_02-2013.csv
NB,2013,3,75.65862068965518,29,fr_climat_sommaires_NB_03-2013.csv
NB,2013,4,58.1448275862069,29,fr_climat_sommaires_NB_04-2013.csv
NB,2013,5,126.82666666666668,30,fr_climat_sommaires_NB_05-2013.csv
NB,2013,6,134.1709677419355,31,fr_climat_sommaires_NB_06-2013.csv
NB,2013,7,144.61333333333332,30,fr_climat_sommaires_NB_07-2013.csv
NB,2013,8,87.73125,32,fr_climat_sommaires_NB_08-2013.csv
NB,2013,9,128.65588235294118,34,fr_climat_sommaires_NB_09-2013.csv
NB,2013,10,53.984375,32,fr_climat_sommaires_NB_10-2013.csv
NB,2013,11,97.90967741935485,31,fr_climat_sommaires_NB_11-2013.csv
NB,2013,12,117.57096774193548,31,fr_climat_sommaires_NB_12-2013.csv
NB,2014,1,107.54333333333334,30,fr_climat_sommaires_NB_01-2014.csv
NB,2014,2,97.50333333333334,30,fr_climat_sommaires_NB_02-2014.csv
NB,2014,3,116.31724137931036,29,fr_climat_sommaires_NB_03-2014.csv
NB,2014,4,86.41428571428571,28,fr_climat_sommaires_NB_04-2014.csv
NB,2014,5,81.92758620689654,29,fr_climat_sommaires_NB_05-2014.csv
NB,2014,6,138.0896551724138,29,fr_climat_sommaires_NB_06-2014.csv
NB,2014,7,152.9642857142857,28,fr_climat_sommaires_NB_07-2014.csv
NB,2014,8,98.39285714285714,28,fr_climat_sommaires_NB_08-2014.csv
NB,2014,9,56.42857142857144,28,fr_climat_sommaires_NB_09-2014.csv
NB,2014,10,130.2344827586207,29,fr_climat_sommaires_NB_10-2014.csv
NB,2014,11,123.41333333333334,30,fr_climat_sommaires_NB_11-2014.csv
NB,2014,12,193.9241379310345,29,fr_climat_sommaires_NB_12-2014.csv
NB,2015,1,106.18000000000002,30,fr_climat_sommaires_NB_01-2015.csv
NB,2015,2,82.07096774193548,31,fr_climat_sommaires_NB_02-2015.csv
NB,2015,3,51.72580645161291,31,fr_climat_sommaires_NB_03-2015.csv
NB,2015,4,94.51290322580645,31,fr_climat_sommaires_NB_04-2015.csv
NB,2015,5,63.20645161290322,31,fr_climat_sommaires_NB_05-2015.csv
NB,2015,6,130.53870967741935,31,fr_climat_sommaires_NB_06-2015.csv
NB,2015,7,61.33333333333333,30,fr_climat_sommaires_NB_07-2015.csv
NB,2015,8,82.6,30,fr_climat_sommaires_NB_08-2015.csv
NB,2015,9,171.47333333333333,30,fr_climat_sommaires_NB_09-2015.csv
NB,2015,10,87.43225806451613,31,fr_climat_sommaires_NB_10-2015.csv
NB,2015,11,85.66000000000003,30,fr_climat_sommaires_NB_11-2015.csv
NB,2015,12,133.91,30,fr_climat_sommaires_NB_12-2015.csv
NB,2016,1,54.768965517241384,29,fr_climat_sommaires_NB_01-2016.csv
NB,2016,2,120.22000000000001,30,fr_climat_sommaires_NB_02-2016.csv
NB,2016,3,105.17586206896553,29,fr_climat_sommaires_NB_03-2016.csv
NB,2016,4,57.431034482758626,29,fr_climat_sommaires_NB_04-2016.csv
NB,2016,5,81.83103448275861,29,fr_climat_sommaires_NB_05-2016.csv
NB,2016,6,109.48965517241379,29,fr_climat_sommaires_NB_06-2016.csv
NB,2016,7,82.04137931034482,29,fr_climat_sommaires_NB_07-2016.csv
NB,2016,8,105.92142857142859,28,fr_climat_sommaires_NB_08-2016.csv
NB,2016,9,56.14666666666667,30,fr_climat_sommaires_NB_09-2016.csv
NB,2016,10,93.51666666666665,30,fr_climat_sommaires_NB_10-2016.csv
NB,2016,11,71.45806451612903,31,fr_climat_sommaires_NB_11-2016.csv
NB,2016,12,99.67666666666666,30,fr_climat_sommaires_NB_12-2016.csv
NB,2017,1,92.23448275862069,29,fr_climat_sommaires_NB_01-2017.csv
NB,2017,2,80.65862068965518,29,fr_climat_sommaires_NB_02-2017.csv
NB,2017,3,73.12758620689655,29,fr_climat_sommaires_NB_03-2017.csv
NB,2017,4,81.24838709677418,31,fr_climat_sommaires_NB_04-2017.csv
NB,2017,5,151.56774193548387,31,fr_climat_sommaires_NB_05-2017.csv
NB,2017,6,79.96774193548387,31,fr_climat_sommaires_NB_06-2017.csv
NB,2017,7,39.20645161290323,31,fr_climat_sommaires_NB_07-2017.csv
NB,2017,8,52.1,30,fr_climat_sommaires_NB_08-2017.csv
NB,2017,9,75.88064516129033,31,fr_climat_sommaires_NB_09-2017.csv
NB,2017,10,86.40967741935484,31,fr_climat_sommaires_NB_10-2017.csv
NB,2017,11,123.8,30,fr_climat_sommaires_NB_11-2017.csv
NB,2017,12,105.41724137931034,29,fr_climat_sommaires_NB_12-2017.csv
NB,2018,1,157.5962962962963,27,fr_climat_sommaires_NB_01-2018.csv
NB,2018,2,93.97037037037038,27,fr_climat_sommaires_NB_02-2018.csv
NB,2018,3,93.13703703703706,27,fr_climat_sommaires_NB_03-2018.csv
NB,2018,4,101.30357142857143,28,fr_climat_sommaires_NB_04-2018.csv
NB,2018,5,64.81428571428572,28,fr_climat_sommaires_NB_05-2018.csv
NB,2018,6,108.31851851851852,27,fr_climat_sommaires_NB_06-2018.csv
NB,2018,7,55.98888888888889,27,fr_climat_sommaires_NB_07-2018.csv
NB,2018,8,103.85925925925925,27,fr_climat_sommaires_NB_08-2018.csv
NB,2018,9,69.48928571428571,28,fr_climat_sommaires_NB_09-2018.csv
NB,2018,10,135.63793103448276,29,fr_climat_sommaires_NB_10-2018.csv
NB,2018,11,165.49999999999997,27,fr_climat_sommaires_NB_11-2018.csv
NB,2018,12,97.80714285714285,28,fr_climat_sommaires_NB_12-2018.csv
NB,2019,1,151.08928571428572,28,fr_climat_sommaires_NB_01-2019.csv
NB,2019,2,75.41785714285713,28,fr_climat_sommaires_NB_02-2019.csv
NB,2019,3,70.60357142857143,28,fr_climat_sommaires_NB_03-2019.csv
NB,2019,4,137.78571428571428,28,fr_climat_sommaires_NB_04-2019.csv
NB,2019,5,84.03846153846153,26,fr_climat_sommaires_NB_05-2019.csv
NB,2019,6,87.69166666666668,24,fr_climat_sommaires_NB_06-2019.csv
NB,2019,7,63.0809523809524,21,fr_climat_sommaires_NB_07-2019.csv
NB,2019,8,78.60999999999999,20,fr_climat_sommaires_NB_08-2019.csv
NB,2019,9,142.35,20,fr_climat_sommaires_NB_09-2019.csv
NB,2019,10,109.70952380952383,21,fr_climat_sommaires_NB_10-2019.csv
NB,2019,11,118.9,21,fr_climat_sommaires_NB_11-2019.csv
NB,2019,12,103.02727272727272,22,fr_climat_sommaires_NB_12-2019.csv
NB,2020,1,65.89545454545454,22,fr_climat_sommaires_NB_01-2020.csv
NB,2020,2,64.37727272727273,22,fr_climat_sommaires_NB_02-2020.csv
NB,2020,3,56.280952380952385,21,fr_climat_sommaires_NB_03-2020.csv
NB,2020,4,70.4047619047619,21,fr_climat_sommaires_NB_04-2020.csv
NB,2020,5,68.86666666666667,21,fr_climat_sommaires_NB_05-2020.csv
NB,2020,6,24.525000000000002,20,fr_climat_sommaires_NB_06-2020.csv
NB,2020,7,63.63999999999999,25,fr_climat_sommaires_NB_07-2020.csv
NB,2020,8,45.228,25,fr_climat_sommaires_NB_08-2020.csv
NB,2020,9,61.1576923076923,26,fr_climat_sommaires_NB_09-2020.csv
NB,2020,10,101.09230769230768,26,fr_climat_sommaires_NB_10-2020.csv
NB,2020,11,92.5923076923077,26,fr_climat_sommaires_NB_11-2020.csv
NB,2020,12,160.46153846153845,26,fr_climat_sommaires_NB_12-2020.csv
NB,2021,1,38.978260869565226,23,fr_climat_sommaires_NB_01-2021.csv
NB,2021,2,86.29499999999999,20,fr_climat_sommaires_NB_02-2021.csv
NB,2021,3,64.50000000000001,14,fr_climat_sommaires_NB_03-2021.csv
NB,2021,4,106.02499999999999,12,fr_climat_sommaires_NB_04-2021.csv
NB,2021,5,93.58888888888889,9,fr_climat_sommaires_NB_05-2021.csv
NB,2021,6,60.06666666666667,9,fr_climat_sommaires_NB_06-2021.csv
NB,2021,7,62.70769230769231,26,fr_climat_sommaires_NB_07-2021.csv
NB,2021,8,76.41153846153847,26,fr_climat_sommaires_NB_08-2021.csv
NB,2021,9,166.58846153846156,26,fr_climat_sommaires_NB_09-2021.csv
NB,2021,10,67.61538461538463,26,fr_climat_sommaires_NB_10-2021.csv
NB,2021,11,111.536,25,fr_climat_sommaires_NB_11-2021.csv
NB,2021,12,72.348,25,fr_climat_sommaires_NB_12-2021.csv
NB,2022,1,91.23200000000001,25,fr_climat_sommaires_NB_01-2022.csv
NB,2022,2,109.62916666666668,24,fr_climat_sommaires_NB_02-2022.csv
NB,2022,3,100.41666666666667,24,fr_climat_sommaires_NB_03-2022.csv
NB,2022,4,122.5,24,fr_climat_sommaires_NB_04-2022.csv
NB,2022,5,63.25833333333333,24,fr_climat_sommaires_NB_05-2022.csv
NB,2022,6,92.04166666666667,24,fr_climat_sommaires_NB_06-2022.csv
NB,2022,7,100.02083333333333,24,fr_climat_sommaires_NB_07-2022.csv
NB,2022,8,120.82916666666665,24,fr_climat_sommaires_NB_08-2022.csv
NB,2022,9,91.108,25,fr_climat_sommaires_NB_09-2022.csv
NB,2022,10,89.84,25,fr_climat_sommaires_NB_10-2022.csv
NB,2022,11,129.628,25,fr_climat_sommaires_NB_11-2022.csv
NB,2022,12,138.784,25,fr_climat_sommaires_NB_12-2022.csv
NB,2023,1,154.096,25,fr_climat_sommaires_NB_01-2023.csv
NB,2023,2,41.97200000000001,25,fr_climat_sommaires_NB_02-2023.csv
NB,2023,3,68.79599999999999,25,fr_climat_sommaires_NB_03-2023.csv
NB,2023,4,35.483999999999995,25,fr_climat_sommaires_NB_04-2023.csv
NB,2023,5,74.70400000000001,25,fr_climat_sommaires_NB_05-2023.csv
NB,2023,6,164.324,25,fr_climat_sommaires_NB_06-2023.csv
NB,2023,7,129.232,25,fr_climat_sommaires_NB_07-2023.csv
NB,2023,8,179.99599999999998,25,fr_climat_sommaires_NB_08-2023.csv
NB,2023,9,131.99200000000002,25,fr_climat_sommaires_NB_09-2023.csv
NB,2023,10,107.88,25,fr_climat_sommaires_NB_10-2023.csv
NB,2023,11,69.92000000000002,25,fr_climat_sommaires_NB_11-2023.csv
NB,2023,12,109.82,25,fr_climat_sommaires_NB_12-2023.csv
NB,2024,1,70.408,25,fr_climat_sommaires_NB_01-2024.csv
NB,2024,2,55.92400000000001,25,fr_climat_sommaires_NB_02-2024.csv
NB,2024,3,217.50400000000002,25,fr_climat_sommaires_NB_03-2024.csv
NB,2024,4,61.083999999999996,25,fr_climat_sommaires_NB_04-2024.csv
NB,2024,5,38.768,25,fr_climat_sommaires_NB_05-2024.csv
NB,2024,6,92.68800000000002,25,fr_climat_sommaires_NB_06-2024.csv
NB,2024,7,71.712,25,fr_climat_sommaires_NB_07-2024.csv
NB,2024,8,86.78800000000001,25,fr_climat_sommaires_NB_08-2024.csv
NB,2024,9,59.032,25,fr_climat_sommaires_NB_09-2024.csv
NB,2024,10,68.876,25,fr_climat_sommaires_NB_10-2024.csv
NB,2024,11,109.24399999999997,25,fr_climat_sommaires_NB_11-2024.csv
NB,2024,12,88.63600000000001,25,fr_climat_sommaires_NB_12-2024.csv
NB,2025,1,58.6,24,fr_climat_sommaires_NB_01-2025.csv
NB,2025,2,69.78750000000001,24,fr_climat_sommaires_NB_02-2025.csv
NB,2025,3,142.97916666666666,24,fr_climat_sommaires_NB_03-2025.csv
NB,2025,4,107.73200000000001,25,fr_climat_sommaires_NB_04-2025.csv
NB,2025,5,96.744,25,fr_climat_sommaires_NB_05-2025.csv
NB,2025,6,63.148,25,fr_climat_sommaires_NB_06-2025.csv
NB,2025,7,53.308,25,fr_climat_sommaires_NB_07-2025.csv
NB,2025,8,23.668000000000003,25,fr_climat_sommaires_NB_08-2025.csv
NB,2025,9,43.0,25,fr_climat_sommaires_NB_09-2025.csv
NB,2025,10,93.512,25,fr_climat_sommaires_NB_10-2025.csv
NB,2025,11,82.80799999999999,25,fr_climat_sommaires_NB_11-2025.csv
NB,2025,12,81.12799999999999,25,fr_climat_sommaires_NB_12-2025.csv
NL,2000,1,161.50689655172414,87,fr_climat_sommaires_NL_01-2000.csv
NL,2000,2,68.57011494252875,87,fr_climat_sommaires_NL_02-2000.csv
NL,2000,3,110.57303370786516,89,fr_climat_sommaires_NL_03-2000.csv
NL,2000,4,81.27058823529411,85,fr_climat_sommaires_NL_04-2000.csv
NL,2000,5,103.27816091954021,87,fr_climat_sommaires_NL_05-2000.csv
NL,2000,6,77.85568181818181,88,fr_climat_sommaires_NL_06-2000.csv
NL,2000,7,93.02528735632185,87,fr_climat_sommaires_NL_07-2000.csv
NL,2000,8,95.1896551724138,87,fr_climat_sommaires_NL_08-2000.csv
NL,2000,9,83.16593406593405,91,fr_climat_sommaires_NL_09-2000.csv
NL,2000,10,167.55393258426966,89,fr_climat_sommaires_NL_10-2000.csv
NL,2000,11,106.4818181818182,88,fr_climat_sommaires_NL_11-2000.csv
NL,2000,12,129.53295454545452,88,fr_climat_sommaires_NL_12-2000.csv
NL,2001,1,60.50113636363637,88,fr_climat_sommaires_NL_01-2001.csv
NL,2001,2,119.94705882352943,85,fr_climat_sommaires_NL_02-2001.csv
NL,2001,3,64.03493975903613,83,fr_climat_sommaires_NL_03-2001.csv
NL,2001,4,63.89655172413792,87,fr_climat_sommaires_NL_04-2001.csv
NL,2001,5,63.18372093023256,86,fr_climat_sommaires_NL_05-2001.csv
NL,2001,6,55.97471264367814,87,fr_climat_sommaires_NL_06-2001.csv
NL,2001,7,99.2289156626506,83,fr_climat_sommaires_NL_07-2001.csv
NL,2001,8,81.2095238095238,84,fr_climat_sommaires_NL_08-2001.csv
NL,2001,9,131.52988505747126,87,fr_climat_sommaires_NL_09-2001.csv
NL,2001,10,80.83139534883722,86,fr_climat_sommaires_NL_10-2001.csv
NL,2001,11,99.3220930232558,86,fr_climat_sommaires_NL_11-2001.csv
NL,2001,12,117.01882352941178,85,fr_climat_sommaires_NL_12-2001.csv
NL,2002,1,83.97093023255815,86,fr_climat_sommaires_NL_01-2002.csv
NL,2002,2,88.16823529411765,85,fr_climat_sommaires_NL_02-2002.csv
NL,2002,3,85.58372093023256,86,fr_climat_sommaires_NL_03-2002.csv
NL,2002,4,72.57105263157895,76,fr_climat_sommaires_NL_04-2002.csv
NL,2002,5,86.78488372093024,86,fr_climat_sommaires_NL_05-2002.csv
NL,2002,6,81.64137931034485,87,fr_climat_sommaires_NL_06-2002.csv
NL,2002,7,92.41022727272728,88,fr_climat_sommaires_NL_07-2002.csv
NL,2002,8,99.54545454545455,88,fr_climat_sommaires_NL_08-2002.csv
NL,2002,9,142.28735632183907,87,fr_climat_sommaires_NL_09-2002.csv
NL,2002,10,109.12823529411764,85,fr_climat_sommaires_NL_10-2002.csv
NL,2002,11,146.50481927710845,83,fr_climat_sommaires_NL_11-2002.csv
NL,2002,12,103.28205128205127,78,fr_climat_sommaires_NL_12-2002.csv
NL,2003,1,117.2642857142857,84,fr_climat_sommaires_NL_01-2003.csv
NL,2003,2,95.34390243902439,82,fr_climat_sommaires_NL_02-2003.csv
NL,2003,3,95.03589743589744,78,fr_climat_sommaires_NL_03-2003.csv
NL,2003,4,56.411249999999995,80,fr_climat_sommaires_NL_04-2003.csv
NL,2003,5,88.17654320987654,81,fr_climat_sommaires_NL_05-2003.csv
NL,2003,6,72.24698795180723,83,fr_climat_sommaires_NL_06-2003.csv
NL,2003,7,109.34337349397588,83,fr_climat_sommaires_NL_07-2003.csv
NL,2003,8,74.20235294117649,85,fr_climat_sommaires_NL_08-2003.csv
NL,2003,9,51.25764705882354,85,fr_climat_sommaires_NL_09-2003.csv
NL,2003,10,176.29647058823528,85,fr_climat_sommaires_NL_10-2003.csv
NL,2003,11,100.1433734939759,83,fr_climat_sommaires_NL_11-2003.csv
NL,2003,12,104.8320987654321,81,fr_climat_sommaires_NL_12-2003.csv
NL,2004,1,124.16962025316455,79,fr_climat_sommaires_NL_01-2004.csv
NL,2004,2,86.07530864197531,81,fr_climat_sommaires_NL_02-2004.csv
NL,2004,3,69.16666666666667,81,fr_climat_sommaires_NL_03-2004.csv
NL,2004,4,126.43181818181819,44,fr_climat_sommaires_NL_04-2004.csv
NL,2004,5,76.07317073170732,82,fr_climat_sommaires_NL_05-2004.csv
NL,2004,6,81.10952380952381,84,fr_climat_sommaires_NL_06-2004.csv
NL,2004,7,68.40121951219511,82,fr_climat_sommaires_NL_07-2004.csv
NL,2004,8,100.35443037974684,79,fr_climat_sommaires_NL_08-2004.csv
NL,2004,9,156.50384615384618,78,fr_climat_sommaires_NL_09-2004.csv
NL,2004,10,97.61851851851851,54,fr_climat_sommaires_NL_10-2004.csv
NL,2004,11,122.55853658536584,82,fr_climat_sommaires_NL_11-2004.csv
NL,2004,12,146.08313253012048,83,fr_climat_sommaires_NL_12-2004.csv
NL,2005,1,118.34303797468355,79,fr_climat_sommaires_NL_01-2005.csv
NL,2005,2,76.68717948717949,78,fr_climat_sommaires_NL_02-2005.csv
NL,2005,3,105.02000000000001,45,fr_climat_sommaires_NL_03-2005.csv
NL,2005,4,56.23589743589743,78,fr_climat_sommaires_NL_04-2005.csv
NL,2005,5,57.58181818181819,44,fr_climat_sommaires_NL_05-2005.csv
NL,2005,6,55.47555555555556,45,fr_climat_sommaires_NL_06-2005.csv
NL,2005,7,89.0063829787234,47,fr_climat_sommaires_NL_07-2005.csv
NL,2005,8,103.876,50,fr_climat_sommaires_NL_08-2005.csv
NL,2005,9,122.1212765957447,47,fr_climat_sommaires_NL_09-2005.csv
NL,2005,10,101.93541666666668,48,fr_climat_sommaires_NL_10-2005.csv
NL,2005,11,99.67407407407407,81,fr_climat_sommaires_NL_11-2005.csv
NL,2005,12,142.98333333333332,78,fr_climat_sommaires_NL_12-2005.csv
NL,2006,1,114.45,80,fr_climat_sommaires_NL_01-2006.csv
NL,2006,2,86.81392405063292,79,fr_climat_sommaires_NL_02-2006.csv
NL,2006,3,76.5982456140351,57,fr_climat_sommaires_NL_03-2006.csv
NL,2006,4,91.74242424242425,66,fr_climat_sommaires_NL_04-2006.csv
NL,2006,5,69.58219178082192,73,fr_climat_sommaires_NL_05-2006.csv
NL,2006,6,90.5515625,64,fr_climat_sommaires_NL_06-2006.csv
NL,2006,7,100.38867924528303,53,fr_climat_sommaires_NL_07-2006.csv
NL,2006,8,107.92264150943397,53,fr_climat_sommaires_NL_08-2006.csv
NL,2006,9,75.38,55,fr_climat_sommaires_NL_09-2006.csv
NL,2006,10,128.58113207547171,53,fr_climat_sommaires_NL_10-2006.csv
NL,2006,11,80.764,50,fr_climat_sommaires_NL_11-2006.csv
NL,2006,12,86.23800000000001,50,fr_climat_sommaires_NL_12-2006.csv
NL,2007,1,121.53207547169812,53,fr_climat_sommaires_NL_01-2007.csv
NL,2007,2,76.36923076923077,52,fr_climat_sommaires_NL_02-2007.csv
NL,2007,3,68.93272727272726,55,fr_climat_sommaires_NL_03-2007.csv
NL,2007,4,34.855357142857144,56,fr_climat_sommaires_NL_04-2007.csv
NL,2007,5,72.62592592592593,54,fr_climat_sommaires_NL_05-2007.csv
NL,2007,6,49.243636363636355,55,fr_climat_sommaires_NL_06-2007.csv
NL,2007,7,125.12,55,fr_climat_sommaires_NL_07-2007.csv
NL,2007,8,131.28333333333333,48,fr_climat_sommaires_NL_08-2007.csv
NL,2007,9,99.56078431372548,51,fr_climat_sommaires_NL_09-2007.csv
NL,2007,10,77.05199999999999,50,fr_climat_sommaires_NL_10-2007.csv
NL,2007,11,130.83846153846153,52,fr_climat_sommaires_NL_11-2007.csv
NL,2007,12,87.416,50,fr_climat_sommaires_NL_12-2007.csv
NL,2008,1,97.89,50,fr_climat_sommaires_NL_01-2008.csv
NL,2008,2,95.34693877551021,49,fr_climat_sommaires_NL_02-2008.csv
NL,2008,3,104.64375,48,fr_climat_sommaires_NL_03-2008.csv
NL,2008,4,34.525000000000006,64,fr_climat_sommaires_NL_04-2008.csv
NL,2008,5,79.23731343283583,67,fr_climat_sommaires_NL_05-2008.csv
NL,2008,6,92.81911764705882,68,fr_climat_sommaires_NL_06-2008.csv
NL,2008,7,63.822388059701495,67,fr_climat_sommaires_NL_07-2008.csv
NL,2008,8,105.47462686567165,67,fr_climat_sommaires_NL_08-2008.csv
NL,2008,9,69.94769230769231,65,fr_climat_sommaires_NL_09-2008.csv
NL,2008,10,78.88571428571427,63,fr_climat_sommaires_NL_10-2008.csv
NL,2008,11,128.9031746031746,63,fr_climat_sommaires_NL_11-2008.csv
NL,2008,12,142.615873015873,63,fr_climat_sommaires_NL_12-2008.csv
NL,2009,1,90.28225806451611,62,fr_climat_sommaires_NL_01-2009.csv
NL,2009,2,80.77419354838709,62,fr_climat_sommaires_NL_02-2009.csv
NL,2009,3,63.38888888888889,63,fr_climat_sommaires_NL_03-2009.csv
NL,2009,4,73.14531249999999,64,fr_climat_sommaires_NL_04-2009.csv
NL,2009,5,85.3484375,64,fr_climat_sommaires_NL_05-2009.csv
NL,2009,6,70.00769230769231,65,fr_climat_sommaires_NL_06-2009.csv
NL,2009,7,97.59846153846154,65,fr_climat_sommaires_NL_07-2009.csv
NL,2009,8,131.3,65,fr_climat_sommaires_NL_08-2009.csv
NL,2009,9,80.30606060606061,66,fr_climat_sommaires_NL_09-2009.csv
NL,2009,10,126.14923076923078,65,fr_climat_sommaires_NL_10-2009.csv
NL,2009,11,118.74032258064517,62,fr_climat_sommaires_NL_11-2009.csv
NL,2009,12,102.78196721311475,61,fr_climat_sommaires_NL_12-2009.csv
NL,2010,1,73.4,52,fr_climat_sommaires_NL_01-2010.csv
NL,2010,2,66.19999999999999,52,fr_climat_sommaires_NL_02-2010.csv
NL,2010,3,51.59607843137256,51,fr_climat_sommaires_NL_03-2010.csv
NL,2010,4,67.9056603773585,53,fr_climat_sommaires_NL_04-2010.csv
NL,2010,5,109.33090909090907,55,fr_climat_sommaires_NL_05-2010.csv
NL,2010,6,106.94999999999999,54,fr_climat_sommaires_NL_06-2010.csv
NL,2010,7,115.38888888888889,54,fr_climat_sommaires_NL_07-2010.csv
NL,2010,8,48.967241379310344,58,fr_climat_sommaires_NL_08-2010.csv
NL,2010,9,149.44107142857143,56,fr_climat_sommaires_NL_09-2010.csv
NL,2010,10,137.42909090909095,55,fr_climat_sommaires_NL_10-2010.csv
NL,2010,11,54.746428571428574,56,fr_climat_sommaires_NL_11-2010.csv
NL,2010,12,138.29661016949152,59,fr_climat_sommaires_NL_12-2010.csv
NL,2011,1,118.38823529411765,51,fr_climat_sommaires_NL_01-2011.csv
NL,2011,2,86.64901960784313,51,fr_climat_sommaires_NL_02-2011.csv
NL,2011,3,70.98571428571428,49,fr_climat_sommaires_NL_03-2011.csv
NL,2011,4,77.01956521739132,46,fr_climat_sommaires_NL_04-2011.csv
NL,2011,5,77.8934426229508,61,fr_climat_sommaires_NL_05-2011.csv
NL,2011,6,95.16935483870967,62,fr_climat_sommaires_NL_06-2011.csv
NL,2011,7,134.69574468085105,47,fr_climat_sommaires_NL_07-2011.csv
NL,2011,8,70.70212765957447,47,fr_climat_sommaires_NL_08-2011.csv
NL,2011,9,78.9391304347826,46,fr_climat_sommaires_NL_09-2011.csv
NL,2011,10,147.65744680851066,47,fr_climat_sommaires_NL_10-2011.csv
NL,2011,11,69.62391304347828,46,fr_climat_sommaires_NL_11-2011.csv
NL,2011,12,79.42222222222222,45,fr_climat_sommaires_NL_12-2011.csv
NL,2012,1,108.86346153846155,52,fr_climat_sommaires_NL_01-2012.csv
NL,2012,2,91.79444444444444,54,fr_climat_sommaires_NL_02-2012.csv
NL,2012,3,60.57543859649123,57,fr_climat_sommaires_NL_03-2012.csv
NL,2012,4,72.68727272727273,55,fr_climat_sommaires_NL_04-2012.csv
NL,2012,5,57.75614035087719,57,fr_climat_sommaires_NL_05-2012.csv
NL,2012,6,48.42033898305085,59,fr_climat_sommaires_NL_06-2012.csv
NL,2012,7,85.41052631578947,57,fr_climat_sommaires_NL_07-2012.csv
NL,2012,8,106.30701754385964,57,fr_climat_sommaires_NL_08-2012.csv
NL,2012,9,105.04363636363634,55,fr_climat_sommaires_NL_09-2012.csv
NL,2012,10,101.22127659574467,47,fr_climat_sommaires_NL_10-2012.csv
NL,2012,11,121.45416666666667,48,fr_climat_sommaires_NL_11-2012.csv
NL,2012,12,95.07959183673469,49,fr_climat_sommaires_NL_12-2012.csv
NL,2013,1,84.29999999999998,59,fr_climat_sommaires_NL_01-2013.csv
NL,2013,2,83.3220338983051,59,fr_climat_sommaires_NL_02-2013.csv
NL,2013,3,76.37586206896552,58,fr_climat_sommaires_NL_03-2013.csv
NL,2013,4,66.97586206896553,58,fr_climat_sommaires_NL_04-2013.csv
NL,2013,5,86.19836065573772,61,fr_climat_sommaires_NL_05-2013.csv
NL,2013,6,95.759649122807,57,fr_climat_sommaires_NL_06-2013.csv
NL,2013,7,90.3206896551724,58,fr_climat_sommaires_NL_07-2013.csv
NL,2013,8,116.78965517241377,58,fr_climat_sommaires_NL_08-2013.csv
NL,2013,9,133.1017543859649,57,fr_climat_sommaires_NL_09-2013.csv
NL,2013,10,106.65178571428571,56,fr_climat_sommaires_NL_10-2013.csv
NL,2013,11,132.6948275862069,58,fr_climat_sommaires_NL_11-2013.csv
NL,2013,12,102.71864406779662,59,fr_climat_sommaires_NL_12-2013.csv
NL,2014,1,132.94,60,fr_climat_sommaires_NL_01-2014.csv
NL,2014,2,91.43392857142858,56,fr_climat_sommaires_NL_02-2014.csv
NL,2014,3,86.51754385964912,57,fr_climat_sommaires_NL_03-2014.csv
NL,2014,4,42.23103448275862,58,fr_climat_sommaires_NL_04-2014.csv
NL,2014,5,68.5542372881356,59,fr_climat_sommaires_NL_05-2014.csv
NL,2014,6,90.17118644067797,59,fr_climat_sommaires_NL_06-2014.csv
NL,2014,7,79.52115384615385,52,fr_climat_sommaires_NL_07-2014.csv
NL,2014,8,105.08461538461536,52,fr_climat_sommaires_NL_08-2014.csv
NL,2014,9,67.52941176470588,51,fr_climat_sommaires_NL_09-2014.csv
NL,2014,10,101.88823529411765,51,fr_climat_sommaires_NL_10-2014.csv
NL,2014,11,137.85,50,fr_climat_sommaires_NL_11-2014.csv
NL,2014,12,94.58823529411765,51,fr_climat_sommaires_NL_12-2014.csv
NL,2015,1,98.95833333333334,60,fr_climat_sommaires_NL_01-2015.csv
NL,2015,2,115.16666666666669,63,fr_climat_sommaires_NL_02-2015.csv
NL,2015,3,73.64262295081967,61,fr_climat_sommaires_NL_03-2015.csv
NL,2015,4,75.2701754385965,57,fr_climat_sommaires_NL_04-2015.csv
NL,2015,5,62.45357142857143,56,fr_climat_sommaires_NL_05-2015.csv
NL,2015,6,76.6844827586207,58,fr_climat_sommaires_NL_06-2015.csv
NL,2015,7,89.55087719298245,57,fr_climat_sommaires_NL_07-2015.csv
NL,2015,8,86.26785714285714,56,fr_climat_sommaires_NL_08-2015.csv
NL,2015,9,91.6603773584906,53,fr_climat_sommaires_NL_09-2015.csv
NL,2015,10,105.60555555555557,54,fr_climat_sommaires_NL_10-2015.csv
NL,2015,11,77.34035087719298,57,fr_climat_sommaires_NL_11-2015.csv
NL,2015,12,52.966071428571425,56,fr_climat_sommaires_NL_12-2015.csv
NL,2016,1,68.32962962962964,54,fr_climat_sommaires_NL_01-2016.csv
NL,2016,2,101.37924528301886,53,fr_climat_sommaires_NL_02-2016.csv
NL,2016,3,76.10357142857143,56,fr_climat_sommaires_NL_03-2016.csv
NL,2016,4,82.24150943396225,53,fr_climat_sommaires_NL_04-2016.csv
NL,2016,5,84.15272727272728,55,fr_climat_sommaires_NL_05-2016.csv
NL,2016,6,97.82962962962962,54,fr_climat_sommaires_NL_06-2016.csv
NL,2016,7,76.73584905660378,53,fr_climat_sommaires_NL_07-2016.csv
NL,2016,8,100.35535714285713,56,fr_climat_sommaires_NL_08-2016.csv
NL,2016,9,105.68518518518516,54,fr_climat_sommaires_NL_09-2016.csv
NL,2016,10,150.62727272727273,55,fr_climat_sommaires_NL_10-2016.csv
NL,2016,11,120.875,56,fr_climat_sommaires_NL_11-2016.csv
NL,2016,12,97.3290909090909,55,fr_climat_sommaires_NL_12-2016.csv
NL,2017,1,80.33333333333333,51,fr_climat_sommaires_NL_01-2017.csv
NL,2017,2,68.73265306122448,49,fr_climat_sommaires_NL_02-2017.csv
NL,2017,3,121.82222222222222,45,fr_climat_sommaires_NL_03-2017.csv
NL,2017,4,84.10227272727273,44,fr_climat_sommaires_NL_04-2017.csv
NL,2017,5,61.809090909090905,44,fr_climat_sommaires_NL_05-2017.csv
NL,2017,6,77.70000000000002,44,fr_climat_sommaires_NL_06-2017.csv
NL,2017,7,65.89318181818182,44,fr_climat_sommaires_NL_07-2017.csv
NL,2017,8,104.63720930232559,43,fr_climat_sommaires_NL_08-2017.csv
NL,2017,9,99.72000000000001,45,fr_climat_sommaires_NL_09-2017.csv
NL,2017,10,44.6953488372093,43,fr_climat_sommaires_NL_10-2017.csv
NL,2017,11,86.73720930232558,43,fr_climat_sommaires_NL_11-2017.csv
NL,2017,12,94.04418604651163,43,fr_climat_sommaires_NL_12-2017.csv
NL,2018,1,106.89999999999999,41,fr_climat_sommaires_NL_01-2018.csv
NL,2018,2,84.3575,40,fr_climat_sommaires_NL_02-2018.csv
NL,2018,3,69.20540540540541,37,fr_climat_sommaires_NL_03-2018.csv
NL,2018,4,105.40526315789471,38,fr_climat_sommaires_NL_04-2018.csv
NL,2018,5,95.82820512820513,39,fr_climat_sommaires_NL_05-2018.csv
NL,2018,6,89.64102564102565,39,fr_climat_sommaires_NL_06-2018.csv
NL,2018,7,83.81025641025641,39,fr_climat_sommaires_NL_07-2018.csv
NL,2018,8,73.92105263157895,38,fr_climat_sommaires_NL_08-2018.csv
NL,2018,9,90.30243902439025,41,fr_climat_sommaires_NL_09-2018.csv
NL,2018,10,151.2139534883721,43,fr_climat_sommaires_NL_10-2018.csv
NL,2018,11,129.22093023255815,43,fr_climat_sommaires_NL_11-2018.csv
NL,2018,12,68.63095238095238,42,fr_climat_sommaires_NL_12-2018.csv
NL,2019,1,105.07380952380953,42,fr_climat_sommaires_NL_01-2019.csv
NL,2019,2,67.34545454545456,44,fr_climat_sommaires_NL_02-2019.csv
NL,2019,3,52.47083333333333,48,fr_climat_sommaires_NL_03-2019.csv
NL,2019,4,87.50408163265305,49,fr_climat_sommaires_NL_04-2019.csv
NL,2019,5,44.512244897959185,49,fr_climat_sommaires_NL_05-2019.csv
NL,2019,6,92.55490196078432,51,fr_climat_sommaires_NL_06-2019.csv
NL,2019,7,82.7282608695652,46,fr_climat_sommaires_NL_07-2019.csv
NL,2019,8,75.45897435897434,39,fr_climat_sommaires_NL_08-2019.csv
NL,2019,9,107.09487179487179,39,fr_climat_sommaires_NL_09-2019.csv
NL,2019,10,63.451282051282064,39,fr_climat_sommaires_NL_10-2019.csv
NL,2019,11,148.88461538461533,39,fr_climat_sommaires_NL_11-2019.csv
NL,2019,12,98.28,35,fr_climat_sommaires_NL_12-2019.csv
NL,2020,1,66.09142857142858,35,fr_climat_sommaires_NL_01-2020.csv
NL,2020,2,64.22058823529413,34,fr_climat_sommaires_NL_02-2020.csv
NL,2020,3,101.95483870967742,31,fr_climat_sommaires_NL_03-2020.csv
NL,2020,4,54.65161290322581,31,fr_climat_sommaires_NL_04-2020.csv
NL,2020,5,99.62857142857142,28,fr_climat_sommaires_NL_05-2020.csv
NL,2020,6,80.64838709677419,31,fr_climat_sommaires_NL_06-2020.csv
NL,2020,7,73.53125,32,fr_climat_sommaires_NL_07-2020.csv
NL,2020,8,110.28181818181818,33,fr_climat_sommaires_NL_08-2020.csv
NL,2020,9,72.8323529411765,34,fr_climat_sommaires_NL_09-2020.csv
NL,2020,10,97.96944444444445,36,fr_climat_sommaires_NL_10-2020.csv
NL,2020,11,77.30833333333334,36,fr_climat_sommaires_NL_11-2020.csv
NL,2020,12,107.26486486486486,37,fr_climat_sommaires_NL_12-2020.csv
NL,2021,1,50.23611111111111,36,fr_climat_sommaires_NL_01-2021.csv
NL,2021,2,84.646875,32,fr_climat_sommaires_NL_02-2021.csv
NL,2021,3,61.324999999999996,36,fr_climat_sommaires_NL_03-2021.csv
NL,2021,4,97.84,35,fr_climat_sommaires_NL_04-2021.csv
NL,2021,5,74.78571428571429,35,fr_climat_sommaires_NL_05-2021.csv
NL,2021,6,71.55428571428571,35,fr_climat_sommaires_NL_06-2021.csv
NL,2021,7,85.81764705882354,34,fr_climat_sommaires_NL_07-2021.csv
NL,2021,8,71.69705882352942,34,fr_climat_sommaires_NL_08-2021.csv
NL,2021,9,137.02941176470588,34,fr_climat_sommaires_NL_09-2021.csv
NL,2021,10,102.33636363636363,33,fr_climat_sommaires_NL_10-2021.csv
NL,2021,11,121.96363636363637,33,fr_climat_sommaires_NL_11-2021.csv
NL,2021,12,114.19705882352942,34,fr_climat_sommaires_NL_12-2021.csv
NL,2022,1,142.55757575757573,33,fr_climat_sommaires_NL_01-2022.csv
NL,2022,2,115.396875,32,fr_climat_sommaires_NL_02-2022.csv
NL,2022,3,96.75625,32,fr_climat_sommaires_NL_03-2022.csv
NL,2022,4,94.634375,32,fr_climat_sommaires_NL_04-2022.csv
NL,2022,5,72.784375,32,fr_climat_sommaires_NL_05-2022.csv
NL,2022,6,84.91515151515152,33,fr_climat_sommaires_NL_06-2022.csv
NL,2022,7,111.025,32,fr_climat_sommaires_NL_07-2022.csv
NL,2022,8,85.00312500000001,32,fr_climat_sommaires_NL_08-2022.csv
NL,2022,9,111.95806451612903,31,fr_climat_sommaires_NL_09-2022.csv
NL,2022,10,37.286111111111104,36,fr_climat_sommaires_NL_10-2022.csv
NL,2022,11,128.93888888888887,36,fr_climat_sommaires_NL_11-2022.csv
NL,2022,12,77.41944444444442,36,fr_climat_sommaires_NL_12-2022.csv
NL,2023,1,125.95675675675677,37,fr_climat_sommaires_NL_01-2023.csv
NL,2023,2,69.77142857142857,35,fr_climat_sommaires_NL_02-2023.csv
NL,2023,3,46.042857142857144,35,fr_climat_sommaires_NL_03-2023.csv
NL,2023,4,31.100000000000005,35,fr_climat_sommaires_NL_04-2023.csv
NL,2023,5,63.4388888888889,36,fr_climat_sommaires_NL_05-2023.csv
NL,2023,6,109.47948717948718,39,fr_climat_sommaires_NL_06-2023.csv
NL,2023,7,110.22820512820512,39,fr_climat_sommaires_NL_07-2023.csv
NL,2023,8,121.73157894736845,38,fr_climat_sommaires_NL_08-2023.csv
NL,2023,9,78.97631578947369,38,fr_climat_sommaires_NL_09-2023.csv
NL,2023,10,122.9921052631579,38,fr_climat_sommaires_NL_10-2023.csv
NL,2023,11,102.56315789473683,38,fr_climat_sommaires_NL_11-2023.csv
NL,2023,12,104.27948717948718,39,fr_climat_sommaires_NL_12-2023.csv
NL,2024,1,42.69736842105262,38,fr_climat_sommaires_NL_01-2024.csv
NL,2024,2,77.02972972972972,37,fr_climat_sommaires_NL_02-2024.csv
NL,2024,3,117.56756756756754,37,fr_climat_sommaires_NL_03-2024.csv
NL,2024,4,70.75135135135136,37,fr_climat_sommaires_NL_04-2024.csv
NL,2024,5,84.19459459459459,37,fr_climat_sommaires_NL_05-2024.csv
NL,2024,6,112.05833333333334,36,fr_climat_sommaires_NL_06-2024.csv
NL,2024,7,71.86578947368422,38,fr_climat_sommaires_NL_07-2024.csv
NL,2024,8,84.14871794871796,39,fr_climat_sommaires_NL_08-2024.csv
NL,2024,9,38.81578947368422,38,fr_climat_sommaires_NL_09-2024.csv
NL,2024,10,113.58421052631581,38,fr_climat_sommaires_NL_10-2024.csv
NL,2024,11,159.40512820512822,39,fr_climat_sommaires_NL_11-2024.csv
NL,2024,12,89.85641025641024,39,fr_climat_sommaires_NL_12-2024.csv
NL,2025,1,81.88108108108109,37,fr_climat_sommaires_NL_01-2025.csv
NL,2025,2,83.40540540540539,37,fr_climat_sommaires_NL_02-2025.csv
NL,2025,3,88.08333333333333,36,fr_climat_sommaires_NL_03-2025.csv
NL,2025,4,95.62432432432432,37,fr_climat_sommaires_NL_04-2025.csv
NL,2025,5,52.32631578947369,38,fr_climat_sommaires_NL_05-2025.csv
NL,2025,6,72.02631578947368,38,fr_climat_sommaires_NL_06-2025.csv
NL,2025,7,89.13513513513514,37,fr_climat_sommaires_NL_07-2025.csv
NL,2025,8,73.38648648648648,37,fr_climat_sommaires_NL_08-2025.csv
NL,2025,9,57.79189189189189,37,fr_climat_sommaires_NL_09-2025.csv
NL,2025,10,62.25555555555555,36,fr_climat_sommaires_NL_10-2025.csv
NL,2025,11,163.1,38,fr_climat_sommaires_NL_11-2025.csv
NL,2025,12,124.67567567567568,37,fr_climat_sommaires_NL_12-2025.csv
NS,2000,1,181.16478873239433,71,fr_climat_sommaires_NS_01-2000.csv
NS,2000,2,56.294366197183095,71,fr_climat_sommaires_NS_02-2000.csv
NS,2000,3,105.4625,72,fr_climat_sommaires_NS_03-2000.csv
NS,2000,4,96.04202898550726,69,fr_climat_sommaires_NS_04-2000.csv
NS,2000,5,92.64347826086957,69,fr_climat_sommaires_NS_05-2000.csv
NS,2000,6,55.28714285714287,70,fr_climat_sommaires_NS_06-2000.csv
NS,2000,7,89.6842857142857,70,fr_climat_sommaires_NS_07-2000.csv
NS,2000,8,69.73521126760565,71,fr_climat_sommaires_NS_08-2000.csv
NS,2000,9,83.91884057971014,69,fr_climat_sommaires_NS_09-2000.csv
NS,2000,10,193.58428571428573,70,fr_climat_sommaires_NS_10-2000.csv
NS,2000,11,148.15857142857143,70,fr_climat_sommaires_NS_11-2000.csv
NS,2000,12,151.912676056338,71,fr_climat_sommaires_NS_12-2000.csv
NS,2001,1,100.9557142857143,70,fr_climat_sommaires_NS_01-2001.csv
NS,2001,2,81.71060606060607,66,fr_climat_sommaires_NS_02-2001.csv
NS,2001,3,81.83582089552239,67,fr_climat_sommaires_NS_03-2001.csv
NS,2001,4,107.46000000000001,65,fr_climat_sommaires_NS_04-2001.csv
NS,2001,5,116.5676923076923,65,fr_climat_sommaires_NS_05-2001.csv
NS,2001,6,77.77538461538461,65,fr_climat_sommaires_NS_06-2001.csv
NS,2001,7,59.223076923076924,65,fr_climat_sommaires_NS_07-2001.csv
NS,2001,8,45.8625,64,fr_climat_sommaires_NS_08-2001.csv
NS,2001,9,68.74242424242425,66,fr_climat_sommaires_NS_09-2001.csv
NS,2001,10,76.7046153846154,65,fr_climat_sommaires_NS_10-2001.csv
NS,2001,11,99.190625,64,fr_climat_sommaires_NS_11-2001.csv
NS,2001,12,76.37692307692306,65,fr_climat_sommaires_NS_12-2001.csv
NS,2002,1,128.74461538461537,65,fr_climat_sommaires_NS_01-2002.csv
NS,2002,2,106.86451612903227,62,fr_climat_sommaires_NS_02-2002.csv
NS,2002,3,129.5296875,64,fr_climat_sommaires_NS_03-2002.csv
NS,2002,4,120.834375,64,fr_climat_sommaires_NS_04-2002.csv
NS,2002,5,80.40952380952382,63,fr_climat_sommaires_NS_05-2002.csv
NS,2002,6,77.69193548387096,62,fr_climat_sommaires_NS_06-2002.csv
NS,2002,7,65.7031746031746,63,fr_climat_sommaires_NS_07-2002.csv
NS,2002,8,60.77424242424243,66,fr_climat_sommaires_NS_08-2002.csv
NS,2002,9,162.82698412698417,63,fr_climat_sommaires_NS_09-2002.csv
NS,2002,10,122.44444444444443,63,fr_climat_sommaires_NS_10-2002.csv
NS,2002,11,230.6934426229508,61,fr_climat_sommaires_NS_11-2002.csv
NS,2002,12,119.52542372881356,59,fr_climat_sommaires_NS_12-2002.csv
NS,2003,1,107.12903225806451,62,fr_climat_sommaires_NS_01-2003.csv
NS,2003,2,128.96999999999997,60,fr_climat_sommaires_NS_02-2003.csv
NS,2003,3,150.62711864406782,59,fr_climat_sommaires_NS_03-2003.csv
NS,2003,4,95.67499999999998,60,fr_climat_sommaires_NS_04-2003.csv
NS,2003,5,74.93275862068967,58,fr_climat_sommaires_NS_05-2003.csv
NS,2003,6,88.8409836065574,61,fr_climat_sommaires_NS_06-2003.csv
NS,2003,7,55.333333333333336,63,fr_climat_sommaires_NS_07-2003.csv
NS,2003,8,135.91311475409836,61,fr_climat_sommaires_NS_08-2003.csv
NS,2003,9,99.67966101694915,59,fr_climat_sommaires_NS_09-2003.csv
NS,2003,10,136.575,60,fr_climat_sommaires_NS_10-2003.csv
NS,2003,11,77.65344827586208,58,fr_climat_sommaires_NS_11-2003.csv
NS,2003,12,135.56333333333333,60,fr_climat_sommaires_NS_12-2003.csv
NS,2004,1,56.74590163934426,61,fr_climat_sommaires_NS_01-2004.csv
NS,2004,2,98.85483870967744,62,fr_climat_sommaires_NS_02-2004.csv
NS,2004,3,73.46949152542372,59,fr_climat_sommaires_NS_03-2004.csv
NS,2004,4,112.90333333333334,30,fr_climat_sommaires_NS_04-2004.csv
NS,2004,5,59.496428571428574,56,fr_climat_sommaires_NS_05-2004.csv
NS,2004,6,67.28888888888889,54,fr_climat_sommaires_NS_06-2004.csv
NS,2004,7,75.93272727272726,55,fr_climat_sommaires_NS_07-2004.csv
NS,2004,8,89.14259259259259,54,fr_climat_sommaires_NS_08-2004.csv
NS,2004,9,90.28703703703702,54,fr_climat_sommaires_NS_09-2004.csv
NS,2004,10,100.53939393939395,33,fr_climat_sommaires_NS_10-2004.csv
NS,2004,11,156.28518518518516,54,fr_climat_sommaires_NS_11-2004.csv
NS,2004,12,141.73703703703706,54,fr_climat_sommaires_NS_12-2004.csv
NS,2005,1,106.60181818181817,55,fr_climat_sommaires_NS_01-2005.csv
NS,2005,2,50.540740740740745,54,fr_climat_sommaires_NS_02-2005.csv
NS,2005,3,120.00967741935484,31,fr_climat_sommaires_NS_03-2005.csv
NS,2005,4,107.16296296296296,54,fr_climat_sommaires_NS_04-2005.csv
NS,2005,5,163.51666666666668,30,fr_climat_sommaires_NS_05-2005.csv
NS,2005,6,57.08620689655172,29,fr_climat_sommaires_NS_06-2005.csv
NS,2005,7,64.2448275862069,29,fr_climat_sommaires_NS_07-2005.csv
NS,2005,8,56.477142857142866,35,fr_climat_sommaires_NS_08-2005.csv
NS,2005,9,113.73928571428573,28,fr_climat_sommaires_NS_09-2005.csv
NS,2005,10,234.08333333333331,30,fr_climat_sommaires_NS_10-2005.csv
NS,2005,11,147.88823529411764,51,fr_climat_sommaires_NS_11-2005.csv
NS,2005,12,128.37,50,fr_climat_sommaires_NS_12-2005.csv
NS,2006,1,91.3529411764706,51,fr_climat_sommaires_NS_01-2006.csv
NS,2006,2,71.93469387755101,49,fr_climat_sommaires_NS_02-2006.csv
NS,2006,3,30.02857142857143,35,fr_climat_sommaires_NS_03-2006.csv
NS,2006,4,130.70263157894738,38,fr_climat_sommaires_NS_04-2006.csv
NS,2006,5,90.44651162790697,43,fr_climat_sommaires_NS_05-2006.csv
NS,2006,6,177.9027027027027,37,fr_climat_sommaires_NS_06-2006.csv
NS,2006,7,110.209375,32,fr_climat_sommaires_NS_07-2006.csv
NS,2006,8,53.372727272727275,33,fr_climat_sommaires_NS_08-2006.csv
NS,2006,9,40.00909090909091,33,fr_climat_sommaires_NS_09-2006.csv
NS,2006,10,148.9151515151515,33,fr_climat_sommaires_NS_10-2006.csv
NS,2006,11,95.83636363636364,33,fr_climat_sommaires_NS_11-2006.csv
NS,2006,12,113.9258064516129,31,fr_climat_sommaires_NS_12-2006.csv
NS,2007,1,131.37058823529406,34,fr_climat_sommaires_NS_01-2007.csv
NS,2007,2,35.25,36,fr_climat_sommaires_NS_02-2007.csv
NS,2007,3,54.878787878787875,33,fr_climat_sommaires_NS_03-2007.csv
NS,2007,4,83.38181818181818,33,fr_climat_sommaires_NS_04-2007.csv
NS,2007,5,66.88787878787879,33,fr_climat_sommaires_NS_05-2007.csv
NS,2007,6,83.12121212121212,33,fr_climat_sommaires_NS_06-2007.csv
NS,2007,7,105.4,34,fr_climat_sommaires_NS_07-2007.csv
NS,2007,8,141.59310344827585,29,fr_climat_sommaires_NS_08-2007.csv
NS,2007,9,90.1758620689655,29,fr_climat_sommaires_NS_09-2007.csv
NS,2007,10,59.76206896551724,29,fr_climat_sommaires_NS_10-2007.csv
NS,2007,11,138.1875,32,fr_climat_sommaires_NS_11-2007.csv
NS,2007,12,103.6548387096774,31,fr_climat_sommaires_NS_12-2007.csv
NS,2008,1,114.35937499999999,32,fr_climat_sommaires_NS_01-2008.csv
NS,2008,2,139.5,32,fr_climat_sommaires_NS_02-2008.csv
NS,2008,3,114.490625,32,fr_climat_sommaires_NS_03-2008.csv
NS,2008,4,57.232558139534895,43,fr_climat_sommaires_NS_04-2008.csv
NS,2008,5,120.33953488372092,43,fr_climat_sommaires_NS_05-2008.csv
NS,2008,6,56.72558139534885,43,fr_climat_sommaires_NS_06-2008.csv
NS,2008,7,81.85454545454546,44,fr_climat_sommaires_NS_07-2008.csv
NS,2008,8,184.91818181818178,44,fr_climat_sommaires_NS_08-2008.csv
NS,2008,9,97.85581395348838,43,fr_climat_sommaires_NS_09-2008.csv
NS,2008,10,79.69069767441862,43,fr_climat_sommaires_NS_10-2008.csv
NS,2008,11,121.89999999999998,43,fr_climat_sommaires_NS_11-2008.csv
NS,2008,12,178.62790697674419,43,fr_climat_sommaires_NS_12-2008.csv
NS,2009,1,99.425,44,fr_climat_sommaires_NS_01-2009.csv
NS,2009,2,80.35238095238097,42,fr_climat_sommaires_NS_02-2009.csv
NS,2009,3,101.86279069767441,43,fr_climat_sommaires_NS_03-2009.csv
NS,2009,4,104.28666666666666,45,fr_climat_sommaires_NS_04-2009.csv
NS,2009,5,85.72093023255815,43,fr_climat_sommaires_NS_05-2009.csv
NS,2009,6,107.03333333333335,42,fr_climat_sommaires_NS_06-2009.csv
NS,2009,7,93.69047619047618,42,fr_climat_sommaires_NS_07-2009.csv
NS,2009,8,142.73809523809527,42,fr_climat_sommaires_NS_08-2009.csv
NS,2009,9,64.8232558139535,43,fr_climat_sommaires_NS_09-2009.csv
NS,2009,10,168.4,43,fr_climat_sommaires_NS_10-2009.csv
NS,2009,11,105.32380952380952,42,fr_climat_sommaires_NS_11-2009.csv
NS,2009,12,132.23571428571427,42,fr_climat_sommaires_NS_12-2009.csv
NS,2010,1,87.67878787878789,33,fr_climat_sommaires_NS_01-2010.csv
NS,2010,2,77.04545454545455,33,fr_climat_sommaires_NS_02-2010.csv
NS,2010,3,72.33870967741936,31,fr_climat_sommaires_NS_03-2010.csv
NS,2010,4,50.94193548387097,31,fr_climat_sommaires_NS_04-2010.csv
NS,2010,5,45.28387096774194,31,fr_climat_sommaires_NS_05-2010.csv
NS,2010,6,137.46562500000002,32,fr_climat_sommaires_NS_06-2010.csv
NS,2010,7,96.146875,32,fr_climat_sommaires_NS_07-2010.csv
NS,2010,8,72.54166666666667,36,fr_climat_sommaires_NS_08-2010.csv
NS,2010,9,111.17500000000001,36,fr_climat_sommaires_NS_09-2010.csv
NS,2010,10,129.39117647058825,34,fr_climat_sommaires_NS_10-2010.csv
NS,2010,11,159.40714285714287,42,fr_climat_sommaires_NS_11-2010.csv
NS,2010,12,212.76585365853663,41,fr_climat_sommaires_NS_12-2010.csv
NS,2011,1,107.87096774193549,31,fr_climat_sommaires_NS_01-2011.csv
NS,2011,2,130.07241379310346,29,fr_climat_sommaires_NS_02-2011.csv
NS,2011,3,42.11290322580647,31,fr_climat_sommaires_NS_03-2011.csv
NS,2011,4,91.26333333333332,30,fr_climat_sommaires_NS_04-2011.csv
NS,2011,5,115.68205128205129,39,fr_climat_sommaires_NS_05-2011.csv
NS,2011,6,99.3625,40,fr_climat_sommaires_NS_06-2011.csv
NS,2011,7,99.785,40,fr_climat_sommaires_NS_07-2011.csv
NS,2011,8,114.06585365853658,41,fr_climat_sommaires_NS_08-2011.csv
NS,2011,9,66.54634146341463,41,fr_climat_sommaires_NS_09-2011.csv
NS,2011,10,245.89285714285714,42,fr_climat_sommaires_NS_10-2011.csv
NS,2011,11,136.86829268292684,41,fr_climat_sommaires_NS_11-2011.csv
NS,2011,12,120.21904761904761,42,fr_climat_sommaires_NS_12-2011.csv
NS,2012,1,92.74999999999999,42,fr_climat_sommaires_NS_01-2012.csv
NS,2012,2,93.75,42,fr_climat_sommaires_NS_02-2012.csv
NS,2012,3,49.59285714285714,42,fr_climat_sommaires_NS_03-2012.csv
NS,2012,4,71.78333333333333,42,fr_climat_sommaires_NS_04-2012.csv
NS,2012,5,66.01538461538462,39,fr_climat_sommaires_NS_05-2012.csv
NS,2012,6,76.26585365853659,41,fr_climat_sommaires_NS_06-2012.csv
NS,2012,7,56.84761904761905,42,fr_climat_sommaires_NS_07-2012.csv
NS,2012,8,78.33589743589745,39,fr_climat_sommaires_NS_08-2012.csv
NS,2012,9,228.29512195121947,41,fr_climat_sommaires_NS_09-2012.csv
NS,2012,10,99.459375,32,fr_climat_sommaires_NS_10-2012.csv
NS,2012,11,74.675,32,fr_climat_sommaires_NS_11-2012.csv
NS,2012,12,139.8969696969697,33,fr_climat_sommaires_NS_12-2012.csv
NS,2013,1,41.06666666666667,39,fr_climat_sommaires_NS_01-2013.csv
NS,2013,2,101.57948717948717,39,fr_climat_sommaires_NS_02-2013.csv
NS,2013,3,68.05384615384615,39,fr_climat_sommaires_NS_03-2013.csv
NS,2013,4,61.93658536585366,41,fr_climat_sommaires_NS_04-2013.csv
NS,2013,5,83.23783783783783,37,fr_climat_sommaires_NS_05-2013.csv
NS,2013,6,152.325,36,fr_climat_sommaires_NS_06-2013.csv
NS,2013,7,96.80000000000001,37,fr_climat_sommaires_NS_07-2013.csv
NS,2013,8,63.63333333333334,36,fr_climat_sommaires_NS_08-2013.csv
NS,2013,9,128.18888888888887,36,fr_climat_sommaires_NS_09-2013.csv
NS,2013,10,101.46666666666665,36,fr_climat_sommaires_NS_10-2013.csv
NS,2013,11,112.26216216216216,37,fr_climat_sommaires_NS_11-2013.csv
NS,2013,12,161.44864864864869,37,fr_climat_sommaires_NS_12-2013.csv
NS,2014,1,136.53333333333333,36,fr_climat_sommaires_NS_01-2014.csv
NS,2014,2,96.89428571428572,35,fr_climat_sommaires_NS_02-2014.csv
NS,2014,3,125.91666666666667,36,fr_climat_sommaires_NS_03-2014.csv
NS,2014,4,93.97222222222223,36,fr_climat_sommaires_NS_04-2014.csv
NS,2014,5,46.972972972972975,37,fr_climat_sommaires_NS_05-2014.csv
NS,2014,6,108.79729729729729,37,fr_climat_sommaires_NS_06-2014.csv
NS,2014,7,59.04117647058824,34,fr_climat_sommaires_NS_07-2014.csv
NS,2014,8,65.90285714285714,35,fr_climat_sommaires_NS_08-2014.csv
NS,2014,9,77.50571428571426,35,fr_climat_sommaires_NS_09-2014.csv
NS,2014,10,124.65625,32,fr_climat_sommaires_NS_10-2014.csv
NS,2014,11,168.24857142857144,35,fr_climat_sommaires_NS_11-2014.csv
NS,2014,12,167.92647058823533,34,fr_climat_sommaires_NS_12-2014.csv
NS,2015,1,136.03823529411764,34,fr_climat_sommaires_NS_01-2015.csv
NS,2015,2,126.4470588235294,34,fr_climat_sommaires_NS_02-2015.csv
NS,2015,3,112.0888888888889,36,fr_climat_sommaires_NS_03-2015.csv
NS,2015,4,82.31944444444446,36,fr_climat_sommaires_NS_04-2015.csv
NS,2015,5,46.80857142857142,35,fr_climat_sommaires_NS_05-2015.csv
NS,2015,6,147.57500000000002,32,fr_climat_sommaires_NS_06-2015.csv
NS,2015,7,67.91428571428571,35,fr_climat_sommaires_NS_07-2015.csv
NS,2015,8,86.09142857142858,35,fr_climat_sommaires_NS_08-2015.csv
NS,2015,9,69.23142857142855,35,fr_climat_sommaires_NS_09-2015.csv
NS,2015,10,120.31176470588235,34,fr_climat_sommaires_NS_10-2015.csv
NS,2015,11,101.85000000000001,34,fr_climat_sommaires_NS_11-2015.csv
NS,2015,12,133.22352941176473,34,fr_climat_sommaires_NS_12-2015.csv
NS,2016,1,90.49428571428571,35,fr_climat_sommaires_NS_01-2016.csv
NS,2016,2,105.37714285714286,35,fr_climat_sommaires_NS_02-2016.csv
NS,2016,3,101.92857142857144,35,fr_climat_sommaires_NS_03-2016.csv
NS,2016,4,98.62222222222223,36,fr_climat_sommaires_NS_04-2016.csv
NS,2016,5,96.64166666666667,36,fr_climat_sommaires_NS_05-2016.csv
NS,2016,6,49.51944444444445,36,fr_climat_sommaires_NS_06-2016.csv
NS,2016,7,69.31111111111112,36,fr_climat_sommaires_NS_07-2016.csv
NS,2016,8,61.86944444444444,36,fr_climat_sommaires_NS_08-2016.csv
NS,2016,9,68.61944444444444,36,fr_climat_sommaires_NS_09-2016.csv
NS,2016,10,164.08285714285714,35,fr_climat_sommaires_NS_10-2016.csv
NS,2016,11,87.36,35,fr_climat_sommaires_NS_11-2016.csv
NS,2016,12,121.8529411764706,34,fr_climat_sommaires_NS_12-2016.csv
NS,2017,1,120.39117647058823,34,fr_climat_sommaires_NS_01-2017.csv
NS,2017,2,97.63030303030303,33,fr_climat_sommaires_NS_02-2017.csv
NS,2017,3,87.628125,32,fr_climat_sommaires_NS_03-2017.csv
NS,2017,4,52.17187499999999,32,fr_climat_sommaires_NS_04-2017.csv
NS,2017,5,141.94242424242427,33,fr_climat_sommaires_NS_05-2017.csv
NS,2017,6,77.29117647058824,34,fr_climat_sommaires_NS_06-2017.csv
NS,2017,7,69.88285714285715,35,fr_climat_sommaires_NS_07-2017.csv
NS,2017,8,100.67142857142855,35,fr_climat_sommaires_NS_08-2017.csv
NS,2017,9,94.29428571428572,35,fr_climat_sommaires_NS_09-2017.csv
NS,2017,10,47.30833333333334,36,fr_climat_sommaires_NS_10-2017.csv
NS,2017,11,101.19166666666666,36,fr_climat_sommaires_NS_11-2017.csv
NS,2017,12,131.56944444444443,36,fr_climat_sommaires_NS_12-2017.csv
NS,2018,1,121.52571428571427,35,fr_climat_sommaires_NS_01-2018.csv
NS,2018,2,131.83142857142857,35,fr_climat_sommaires_NS_02-2018.csv
NS,2018,3,85.71428571428571,35,fr_climat_sommaires_NS_03-2018.csv
NS,2018,4,145.51999999999998,35,fr_climat_sommaires_NS_04-2018.csv
NS,2018,5,65.7875,40,fr_climat_sommaires_NS_05-2018.csv
NS,2018,6,130.1225,40,fr_climat_sommaires_NS_06-2018.csv
NS,2018,7,55.44634146341464,41,fr_climat_sommaires_NS_07-2018.csv
NS,2018,8,66.86585365853658,41,fr_climat_sommaires_NS_08-2018.csv
NS,2018,9,80.5170731707317,41,fr_climat_sommaires_NS_09-2018.csv
NS,2018,10,204.37142857142857,42,fr_climat_sommaires_NS_10-2018.csv
NS,2018,11,183.07142857142858,42,fr_climat_sommaires_NS_11-2018.csv
NS,2018,12,96.05121951219513,41,fr_climat_sommaires_NS_12-2018.csv
NS,2019,1,113.74249999999998,40,fr_climat_sommaires_NS_01-2019.csv
NS,2019,2,84.45714285714284,35,fr_climat_sommaires_NS_02-2019.csv
NS,2019,3,82.46190476190476,42,fr_climat_sommaires_NS_03-2019.csv
NS,2019,4,160.52558139534884,43,fr_climat_sommaires_NS_04-2019.csv
NS,2019,5,100.96666666666667,42,fr_climat_sommaires_NS_05-2019.csv
NS,2019,6,164.1820512820513,39,fr_climat_sommaires_NS_06-2019.csv
NS,2019,7,60.57027027027027,37,fr_climat_sommaires_NS_07-2019.csv
NS,2019,8,95.74166666666666,36,fr_climat_sommaires_NS_08-2019.csv
NS,2019,9,90.19166666666666,36,fr_climat_sommaires_NS_09-2019.csv
NS,2019,10,111.08333333333333,36,fr_climat_sommaires_NS_10-2019.csv
NS,2019,11,158.36111111111111,36,fr_climat_sommaires_NS_11-2019.csv
NS,2019,12,122.6441176470588,34,fr_climat_sommaires_NS_12-2019.csv
NS,2020,1,80.98787878787877,33,fr_climat_sommaires_NS_01-2020.csv
NS,2020,2,84.20303030303032,33,fr_climat_sommaires_NS_02-2020.csv
NS,2020,3,85.53235294117647,34,fr_climat_sommaires_NS_03-2020.csv
NS,2020,4,112.53235294117647,34,fr_climat_sommaires_NS_04-2020.csv
NS,2020,5,75.40294117647059,34,fr_climat_sommaires_NS_05-2020.csv
NS,2020,6,42.32162162162163,37,fr_climat_sommaires_NS_06-2020.csv
NS,2020,7,78.075,40,fr_climat_sommaires_NS_07-2020.csv
NS,2020,8,64.42307692307692,39,fr_climat_sommaires_NS_08-2020.csv
NS,2020,9,89.02926829268293,41,fr_climat_sommaires_NS_09-2020.csv
NS,2020,10,82.41951219512195,41,fr_climat_sommaires_NS_10-2020.csv
NS,2020,11,93.27317073170731,41,fr_climat_sommaires_NS_11-2020.csv
NS,2020,12,139.41951219512194,41,fr_climat_sommaires_NS_12-2020.csv
NS,2021,1,66.6047619047619,42,fr_climat_sommaires_NS_01-2021.csv
NS,2021,2,117.46046511627907,43,fr_climat_sommaires_NS_02-2021.csv
NS,2021,3,80.25,42,fr_climat_sommaires_NS_03-2021.csv
NS,2021,4,142.18809523809526,42,fr_climat_sommaires_NS_04-2021.csv
NS,2021,5,85.78809523809525,42,fr_climat_sommaires_NS_05-2021.csv
NS,2021,6,62.309756097560985,41,fr_climat_sommaires_NS_06-2021.csv
NS,2021,7,106.91463414634147,41,fr_climat_sommaires_NS_07-2021.csv
NS,2021,8,87.045,40,fr_climat_sommaires_NS_08-2021.csv
NS,2021,9,119.27179487179488,39,fr_climat_sommaires_NS_09-2021.csv
NS,2021,10,77.42750000000001,40,fr_climat_sommaires_NS_10-2021.csv
NS,2021,11,177.75500000000002,40,fr_climat_sommaires_NS_11-2021.csv
NS,2021,12,133.7525,40,fr_climat_sommaires_NS_12-2021.csv
NS,2022,1,158.8275,40,fr_climat_sommaires_NS_01-2022.csv
NS,2022,2,136.69250000000002,40,fr_climat_sommaires_NS_02-2022.csv
NS,2022,3,128.43076923076927,39,fr_climat_sommaires_NS_03-2022.csv
NS,2022,4,109.02105263157893,38,fr_climat_sommaires_NS_04-2022.csv
NS,2022,5,49.72105263157895,38,fr_climat_sommaires_NS_05-2022.csv
NS,2022,6,129.07894736842104,38,fr_climat_sommaires_NS_06-2022.csv
NS,2022,7,59.57435897435898,39,fr_climat_sommaires_NS_07-2022.csv
NS,2022,8,99.22631578947369,38,fr_climat_sommaires_NS_08-2022.csv
NS,2022,9,147.3948717948718,39,fr_climat_sommaires_NS_09-2022.csv
NS,2022,10,97.70769230769231,39,fr_climat_sommaires_NS_10-2022.csv
NS,2022,11,102.76410256410254,39,fr_climat_sommaires_NS_11-2022.csv
NS,2022,12,143.16315789473683,38,fr_climat_sommaires_NS_12-2022.csv
NS,2023,1,194.04864864864862,37,fr_climat_sommaires_NS_01-2023.csv
NS,2023,2,62.87777777777779,36,fr_climat_sommaires_NS_02-2023.csv
NS,2023,3,64.27105263157897,38,fr_climat_sommaires_NS_03-2023.csv
NS,2023,4,37.476315789473674,38,fr_climat_sommaires_NS_04-2023.csv
NS,2023,5,66.67631578947366,38,fr_climat_sommaires_NS_05-2023.csv
NS,2023,6,162.85263157894735,38,fr_climat_sommaires_NS_06-2023.csv
NS,2023,7,186.3578947368421,38,fr_climat_sommaires_NS_07-2023.csv
NS,2023,8,213.06315789473683,38,fr_climat_sommaires_NS_08-2023.csv
NS,2023,9,87.47105263157896,38,fr_climat_sommaires_NS_09-2023.csv
NS,2023,10,146.39736842105262,38,fr_climat_sommaires_NS_10-2023.csv
NS,2023,11,128.1162162162162,37,fr_climat_sommaires_NS_11-2023.csv
NS,2023,12,147.58,35,fr_climat_sommaires_NS_12-2023.csv
NS,2024,1,97.03939393939395,33,fr_climat_sommaires_NS_01-2024.csv
NS,2024,2,116.83142857142857,35,fr_climat_sommaires_NS_02-2024.csv
NS,2024,3,179.93783783783786,37,fr_climat_sommaires_NS_03-2024.csv
NS,2024,4,72.31891891891892,37,fr_climat_sommaires_NS_04-2024.csv
NS,2024,5,57.88918918918919,37,fr_climat_sommaires_NS_05-2024.csv
NS,2024,6,86.47567567567567,37,fr_climat_sommaires_NS_06-2024.csv
NS,2024,7,85.35135135135134,37,fr_climat_sommaires_NS_07-2024.csv
NS,2024,8,67.54324324324323,37,fr_climat_sommaires_NS_08-2024.csv
NS,2024,9,81.80540540540542,37,fr_climat_sommaires_NS_09-2024.csv
NS,2024,10,73.63947368421051,38,fr_climat_sommaires_NS_10-2024.csv
NS,2024,11,128.29999999999998,38,fr_climat_sommaires_NS_11-2024.csv
NS,2024,12,91.55,38,fr_climat_sommaires_NS_12-2024.csv
NS,2025,1,75.85263157894735,38,fr_climat_sommaires_NS_01-2025.csv
NS,2025,2,92.75588235294117,34,fr_climat_sommaires_NS_02-2025.csv
NS,2025,3,95.34864864864863,37,fr_climat_sommaires_NS_03-2025.csv
NS,2025,4,124.15675675675674,37,fr_climat_sommaires_NS_04-2025.csv
NS,2025,5,79.66486486486488,37,fr_climat_sommaires_NS_05-2025.csv
NS,2025,6,57.68648648648649,37,fr_climat_sommaires_NS_06-2025.csv
NS,2025,7,49.289189189189194,37,fr_climat_sommaires_NS_07-2025.csv
NS,2025,8,57.03243243243243,37,fr_climat_sommaires_NS_08-2025.csv
NS,2025,9,39.2972972972973,37,fr_climat_sommaires_NS_09-2025.csv
NS,2025,10,94.17631578947369,38,fr_climat_sommaires_NS_10-2025.csv
NS,2025,11,160.34210526315786,38,fr_climat_sommaires_NS_11-2025.csv
NS,2025,12,102.6973684210526,38,fr_climat_sommaires_NS_12-2025.csv
NT,2000,1,11.534615384615385,26,fr_climat_sommaires_NT_01-2000.csv
NT,2000,2,10.662962962962963,27,fr_climat_sommaires_NT_02-2000.csv
NT,2000,3,10.217857142857143,28,fr_climat_sommaires_NT_03-2000.csv
NT,2000,4,10.339393939393942,33,fr_climat_sommaires_NT_04-2000.csv
NT,2000,5,14.927027027027027,37,fr_climat_sommaires_NT_05-2000.csv
NT,2000,6,23.807142857142857,42,fr_climat_sommaires_NT_06-2000.csv
NT,2000,7,44.72380952380952,42,fr_climat_sommaires_NT_07-2000.csv
NT,2000,8,60.86976744186047,43,fr_climat_sommaires_NT_08-2000.csv
NT,2000,9,27.069767441860463,43,fr_climat_sommaires_NT_09-2000.csv
NT,2000,10,26.525,32,fr_climat_sommaires_NT_10-2000.csv
NT,2000,11,18.717857142857145,28,fr_climat_sommaires_NT_11-2000.csv
NT,2000,12,11.614814814814814,27,fr_climat_sommaires_NT_12-2000.csv
NT,2001,1,15.988,25,fr_climat_sommaires_NT_01-2001.csv
NT,2001,2,8.72962962962963,27,fr_climat_sommaires_NT_02-2001.csv
NT,2001,3,18.51923076923077,26,fr_climat_sommaires_NT_03-2001.csv
NT,2001,4,6.5166666666666675,30,fr_climat_sommaires_NT_04-2001.csv
NT,2001,5,30.734375,32,fr_climat_sommaires_NT_05-2001.csv
NT,2001,6,19.078947368421055,38,fr_climat_sommaires_NT_06-2001.csv
NT,2001,7,47.94500000000001,40,fr_climat_sommaires_NT_07-2001.csv
NT,2001,8,53.50487804878048,41,fr_climat_sommaires_NT_08-2001.csv
NT,2001,9,35.947500000000005,40,fr_climat_sommaires_NT_09-2001.csv
NT,2001,10,24.623076923076926,39,fr_climat_sommaires_NT_10-2001.csv
NT,2001,11,24.821875,32,fr_climat_sommaires_NT_11-2001.csv
NT,2001,12,16.55806451612903,31,fr_climat_sommaires_NT_12-2001.csv
NT,2002,1,6.343333333333334,30,fr_climat_sommaires_NT_01-2002.csv
NT,2002,2,12.582758620689656,29,fr_climat_sommaires_NT_02-2002.csv
NT,2002,3,10.750000000000002,30,fr_climat_sommaires_NT_03-2002.csv
NT,2002,4,11.555882352941175,34,fr_climat_sommaires_NT_04-2002.csv
NT,2002,5,10.910256410256409,39,fr_climat_sommaires_NT_05-2002.csv
NT,2002,6,26.772222222222226,36,fr_climat_sommaires_NT_06-2002.csv
NT,2002,7,60.14054054054055,37,fr_climat_sommaires_NT_07-2002.csv
NT,2002,8,48.897368421052626,38,fr_climat_sommaires_NT_08-2002.csv
NT,2002,9,27.333333333333332,42,fr_climat_sommaires_NT_09-2002.csv
NT,2002,10,19.82162162162162,37,fr_climat_sommaires_NT_10-2002.csv
NT,2002,11,20.636666666666667,30,fr_climat_sommaires_NT_11-2002.csv
NT,2002,12,18.80625,32,fr_climat_sommaires_NT_12-2002.csv
NT,2003,1,10.065714285714286,35,fr_climat_sommaires_NT_01-2003.csv
NT,2003,2,12.724242424242425,33,fr_climat_sommaires_NT_02-2003.csv
NT,2003,3,15.88888888888889,36,fr_climat_sommaires_NT_03-2003.csv
NT,2003,4,11.939024390243903,41,fr_climat_sommaires_NT_04-2003.csv
NT,2003,5,19.76279069767442,43,fr_climat_sommaires_NT_05-2003.csv
NT,2003,6,31.18809523809524,42,fr_climat_sommaires_NT_06-2003.csv
NT,2003,7,33.28292682926829,41,fr_climat_sommaires_NT_07-2003.csv
NT,2003,8,48.62888888888888,45,fr_climat_sommaires_NT_08-2003.csv
NT,2003,9,30.44888888888889,45,fr_climat_sommaires_NT_09-2003.csv
NT,2003,10,21.552380952380954,42,fr_climat_sommaires_NT_10-2003.csv
NT,2003,11,22.981081081081083,37,fr_climat_sommaires_NT_11-2003.csv
NT,2003,12,17.45897435897436,39,fr_climat_sommaires_NT_12-2003.csv
NT,2004,1,19.33030303030303,33,fr_climat_sommaires_NT_01-2004.csv
NT,2004,2,10.85714285714286,35,fr_climat_sommaires_NT_02-2004.csv
NT,2004,3,14.405714285714286,35,fr_climat_sommaires_NT_03-2004.csv
NT,2004,4,9.56829268292683,41,fr_climat_sommaires_NT_04-2004.csv
NT,2004,5,12.953488372093023,43,fr_climat_sommaires_NT_05-2004.csv
NT,2004,6,11.272093023255813,43,fr_climat_sommaires_NT_06-2004.csv
NT,2004,7,27.990476190476187,42,fr_climat_sommaires_NT_07-2004.csv
NT,2004,8,28.08863636363636,44,fr_climat_sommaires_NT_08-2004.csv
NT,2004,9,25.884444444444444,45,fr_climat_sommaires_NT_09-2004.csv
NT,2004,10,20.6875,40,fr_climat_sommaires_NT_10-2004.csv
NT,2004,11,15.742105263157892,38,fr_climat_sommaires_NT_11-2004.csv
NT,2004,12,23.48857142857143,35,fr_climat_sommaires_NT_12-2004.csv
NT,2005,1,25.870454545454546,44,fr_climat_sommaires_NT_01-2005.csv
NT,2005,2,18.35263157894737,38,fr_climat_sommaires_NT_02-2005.csv
NT,2005,3,14.2375,40,fr_climat_sommaires_NT_03-2005.csv
NT,2005,4,15.054761904761904,42,fr_climat_sommaires_NT_04-2005.csv
NT,2005,5,18.585714285714285,42,fr_climat_sommaires_NT_05-2005.csv
NT,2005,6,32.597674418604655,43,fr_climat_sommaires_NT_06-2005.csv
NT,2005,7,45.37906976744186,43,fr_climat_sommaires_NT_07-2005.csv
NT,2005,8,51.24883720930231,43,fr_climat_sommaires_NT_08-2005.csv
NT,2005,9,32.08372093023256,43,fr_climat_sommaires_NT_09-2005.csv
NT,2005,10,23.888095238095236,42,fr_climat_sommaires_NT_10-2005.csv
NT,2005,11,21.54042553191489,47,fr_climat_sommaires_NT_11-2005.csv
NT,2005,12,12.21578947368421,38,fr_climat_sommaires_NT_12-2005.csv
NT,2006,1,9.23111111111111,45,fr_climat_sommaires_NT_01-2006.csv
NT,2006,2,12.258139534883721,43,fr_climat_sommaires_NT_02-2006.csv
NT,2006,3,12.002127659574468,47,fr_climat_sommaires_NT_03-2006.csv
NT,2006,4,11.329545454545455,44,fr_climat_sommaires_NT_04-2006.csv
NT,2006,5,20.335294117647063,51,fr_climat_sommaires_NT_05-2006.csv
NT,2006,6,36.12678571428572,56,fr_climat_sommaires_NT_06-2006.csv
NT,2006,7,19.55294117647059,51,fr_climat_sommaires_NT_07-2006.csv
NT,2006,8,28.543478260869566,46,fr_climat_sommaires_NT_08-2006.csv
NT,2006,9,18.879545454545458,44,fr_climat_sommaires_NT_09-2006.csv
NT,2006,10,18.290196078431368,51,fr_climat_sommaires_NT_10-2006.csv
NT,2006,11,23.278723404255317,47,fr_climat_sommaires_NT_11-2006.csv
NT,2006,12,8.770833333333334,48,fr_climat_sommaires_NT_12-2006.csv
NT,2007,1,12.379166666666668,48,fr_climat_sommaires_NT_01-2007.csv
NT,2007,2,6.719148936170216,47,fr_climat_sommaires_NT_02-2007.csv
NT,2007,3,10.930952380952382,42,fr_climat_sommaires_NT_03-2007.csv
NT,2007,4,9.628888888888891,45,fr_climat_sommaires_NT_04-2007.csv
NT,2007,5,15.193877551020408,49,fr_climat_sommaires_NT_05-2007.csv
NT,2007,6,11.575510204081633,49,fr_climat_sommaires_NT_06-2007.csv
NT,2007,7,52.71041666666667,48,fr_climat_sommaires_NT_07-2007.csv
NT,2007,8,23.99591836734694,49,fr_climat_sommaires_NT_08-2007.csv
NT,2007,9,37.36904761904762,42,fr_climat_sommaires_NT_09-2007.csv
NT,2007,10,27.633333333333336,21,fr_climat_sommaires_NT_10-2007.csv
NT,2007,11,18.506249999999998,32,fr_climat_sommaires_NT_11-2007.csv
NT,2007,12,14.189473684210528,19,fr_climat_sommaires_NT_12-2007.csv
NT,2008,1,14.172727272727272,33,fr_climat_sommaires_NT_01-2008.csv
NT,2008,2,13.041666666666666,24,fr_climat_sommaires_NT_02-2008.csv
NT,2008,3,11.358823529411765,34,fr_climat_sommaires_NT_03-2008.csv
NT,2008,4,14.905882352941177,34,fr_climat_sommaires_NT_04-2008.csv
NT,2008,5,12.630232558139536,43,fr_climat_sommaires_NT_05-2008.csv
NT,2008,6,29.42325581395349,43,fr_climat_sommaires_NT_06-2008.csv
NT,2008,7,27.846511627906974,43,fr_climat_sommaires_NT_07-2008.csv
NT,2008,8,41.81860465116279,43,fr_climat_sommaires_NT_08-2008.csv
NT,2008,9,28.369047619047613,42,fr_climat_sommaires_NT_09-2008.csv
NT,2008,10,23.63823529411765,34,fr_climat_sommaires_NT_10-2008.csv
NT,2008,11,19.066666666666666,33,fr_climat_sommaires_NT_11-2008.csv
NT,2008,12,9.193939393939393,33,fr_climat_sommaires_NT_12-2008.csv
NT,2009,1,14.704545454545451,22,fr_climat_sommaires_NT_01-2009.csv
NT,2009,2,9.309090909090909,22,fr_climat_sommaires_NT_02-2009.csv
NT,2009,3,10.808695652173913,23,fr_climat_sommaires_NT_03-2009.csv
NT,2009,4,19.317391304347826,23,fr_climat_sommaires_NT_04-2009.csv
NT,2009,5,12.918181818181818,33,fr_climat_sommaires_NT_05-2009.csv
NT,2009,6,35.06470588235294,34,fr_climat_sommaires_NT_06-2009.csv
NT,2009,7,38.34545454545455,33,fr_climat_sommaires_NT_07-2009.csv
NT,2009,8,41.75,32,fr_climat_sommaires_NT_08-2009.csv
NT,2009,9,40.41470588235294,34,fr_climat_sommaires_NT_09-2009.csv
NT,2009,10,16.530434782608694,23,fr_climat_sommaires_NT_10-2009.csv
NT,2009,11,20.268181818181816,22,fr_climat_sommaires_NT_11-2009.csv
NT,2009,12,11.477272727272727,22,fr_climat_sommaires_NT_12-2009.csv
NT,2010,1,16.779310344827586,29,fr_climat_sommaires_NT_01-2010.csv
NT,2010,2,10.593103448275862,29,fr_climat_sommaires_NT_02-2010.csv
NT,2010,3,8.3,28,fr_climat_sommaires_NT_03-2010.csv
NT,2010,4,10.846153846153847,26,fr_climat_sommaires_NT_04-2010.csv
NT,2010,5,13.78048780487805,41,fr_climat_sommaires_NT_05-2010.csv
NT,2010,6,33.39756097560976,41,fr_climat_sommaires_NT_06-2010.csv
NT,2010,7,43.83076923076923,39,fr_climat_sommaires_NT_07-2010.csv
NT,2010,8,40.98461538461538,39,fr_climat_sommaires_NT_08-2010.csv
NT,2010,9,28.66410256410256,39,fr_climat_sommaires_NT_09-2010.csv
NT,2010,10,24.906451612903222,31,fr_climat_sommaires_NT_10-2010.csv
NT,2010,11,17.009999999999998,30,fr_climat_sommaires_NT_11-2010.csv
NT,2010,12,19.42068965517241,29,fr_climat_sommaires_NT_12-2010.csv
NT,2011,1,12.826315789473686,19,fr_climat_sommaires_NT_01-2011.csv
NT,2011,2,17.65263157894737,19,fr_climat_sommaires_NT_02-2011.csv
NT,2011,3,8.178947368421053,19,fr_climat_sommaires_NT_03-2011.csv
NT,2011,4,11.15,20,fr_climat_sommaires_NT_04-2011.csv
NT,2011,5,14.653571428571428,28,fr_climat_sommaires_NT_05-2011.csv
NT,2011,6,41.820000000000014,30,fr_climat_sommaires_NT_06-2011.csv
NT,2011,7,41.74193548387097,31,fr_climat_sommaires_NT_07-2011.csv
NT,2011,8,56.5741935483871,31,fr_climat_sommaires_NT_08-2011.csv
NT,2011,9,23.296666666666674,30,fr_climat_sommaires_NT_09-2011.csv
NT,2011,10,21.683333333333337,24,fr_climat_sommaires_NT_10-2011.csv
NT,2011,11,17.99090909090909,22,fr_climat_sommaires_NT_11-2011.csv
NT,2011,12,17.32272727272727,22,fr_climat_sommaires_NT_12-2011.csv
NT,2012,1,24.00476190476191,21,fr_climat_sommaires_NT_01-2012.csv
NT,2012,2,7.855555555555556,18,fr_climat_sommaires_NT_02-2012.csv
NT,2012,3,20.90555555555555,18,fr_climat_sommaires_NT_03-2012.csv
NT,2012,4,15.283333333333335,18,fr_climat_sommaires_NT_04-2012.csv
NT,2012,5,23.745833333333334,24,fr_climat_sommaires_NT_05-2012.csv
NT,2012,6,30.404,25,fr_climat_sommaires_NT_06-2012.csv
NT,2012,7,37.992592592592594,27,fr_climat_sommaires_NT_07-2012.csv
NT,2012,8,36.55925925925926,27,fr_climat_sommaires_NT_08-2012.csv
NT,2012,9,31.907692307692308,26,fr_climat_sommaires_NT_09-2012.csv
NT,2012,10,29.680769230769236,26,fr_climat_sommaires_NT_10-2012.csv
NT,2012,11,20.94583333333333,24,fr_climat_sommaires_NT_11-2012.csv
NT,2012,12,10.911999999999999,25,fr_climat_sommaires_NT_12-2012.csv
NT,2013,1,14.474285714285715,35,fr_climat_sommaires_NT_01-2013.csv
NT,2013,2,11.144117647058824,34,fr_climat_sommaires_NT_02-2013.csv
NT,2013,3,9.077777777777778,36,fr_climat_sommaires_NT_03-2013.csv
NT,2013,4,10.48,35,fr_climat_sommaires_NT_04-2013.csv
NT,2013,5,9.941025641025641,39,fr_climat_sommaires_NT_05-2013.csv
NT,2013,6,26.710256410256413,39,fr_climat_sommaires_NT_06-2013.csv
NT,2013,7,45.1,39,fr_climat_sommaires_NT_07-2013.csv
NT,2013,8,32.75,38,fr_climat_sommaires_NT_08-2013.csv
NT,2013,9,28.752631578947373,38,fr_climat_sommaires_NT_09-2013.csv
NT,2013,10,19.62162162162162,37,fr_climat_sommaires_NT_10-2013.csv
NT,2013,11,19.427777777777777,36,fr_climat_sommaires_NT_11-2013.csv
NT,2013,12,12.564705882352941,34,fr_climat_sommaires_NT_12-2013.csv
NT,2014,1,17.78787878787879,33,fr_climat_sommaires_NT_01-2014.csv
NT,2014,2,8.143333333333333,30,fr_climat_sommaires_NT_02-2014.csv
NT,2014,3,6.75625,32,fr_climat_sommaires_NT_03-2014.csv
NT,2014,4,7.6645161290322585,31,fr_climat_sommaires_NT_04-2014.csv
NT,2014,5,20.916129032258066,31,fr_climat_sommaires_NT_05-2014.csv
NT,2014,6,18.828125,32,fr_climat_sommaires_NT_06-2014.csv
NT,2014,7,42.729032258064514,31,fr_climat_sommaires_NT_07-2014.csv
NT,2014,8,45.277419354838706,31,fr_climat_sommaires_NT_08-2014.csv
NT,2014,9,20.470588235294116,34,fr_climat_sommaires_NT_09-2014.csv
NT,2014,10,29.957142857142856,35,fr_climat_sommaires_NT_10-2014.csv
NT,2014,11,16.263636363636362,33,fr_climat_sommaires_NT_11-2014.csv
NT,2014,12,17.065384615384616,26,fr_climat_sommaires_NT_12-2014.csv
NT,2015,1,16.992307692307694,26,fr_climat_sommaires_NT_01-2015.csv
NT,2015,2,11.13076923076923,26,fr_climat_sommaires_NT_02-2015.csv
NT,2015,3,18.165217391304346,23,fr_climat_sommaires_NT_03-2015.csv
NT,2015,4,13.839130434782609,23,fr_climat_sommaires_NT_04-2015.csv
NT,2015,5,6.866666666666667,24,fr_climat_sommaires_NT_05-2015.csv
NT,2015,6,23.08695652173913,23,fr_climat_sommaires_NT_06-2015.csv
NT,2015,7,51.39565217391303,23,fr_climat_sommaires_NT_07-2015.csv
NT,2015,8,50.75,24,fr_climat_sommaires_NT_08-2015.csv
NT,2015,9,33.73913043478261,23,fr_climat_sommaires_NT_09-2015.csv
NT,2015,10,31.36521739130435,23,fr_climat_sommaires_NT_10-2015.csv
NT,2015,11,23.08636363636364,22,fr_climat_sommaires_NT_11-2015.csv
NT,2015,12,20.791304347826088,23,fr_climat_sommaires_NT_12-2015.csv
NT,2016,1,21.156521739130433,23,fr_climat_sommaires_NT_01-2016.csv
NT,2016,2,17.695238095238093,21,fr_climat_sommaires_NT_02-2016.csv
NT,2016,3,14.656521739130437,23,fr_climat_sommaires_NT_03-2016.csv
NT,2016,4,16.53181818181818,22,fr_climat_sommaires_NT_04-2016.csv
NT,2016,5,24.573913043478264,23,fr_climat_sommaires_NT_05-2016.csv
NT,2016,6,33.95416666666667,24,fr_climat_sommaires_NT_06-2016.csv
NT,2016,7,36.96666666666667,24,fr_climat_sommaires_NT_07-2016.csv
NT,2016,8,32.87826086956522,23,fr_climat_sommaires_NT_08-2016.csv
NT,2016,9,34.62608695652174,23,fr_climat_sommaires_NT_09-2016.csv
NT,2016,10,19.839130434782614,23,fr_climat_sommaires_NT_10-2016.csv
NT,2016,11,12.913636363636364,22,fr_climat_sommaires_NT_11-2016.csv
NT,2016,12,12.145833333333334,24,fr_climat_sommaires_NT_12-2016.csv
NT,2017,1,20.116666666666667,24,fr_climat_sommaires_NT_01-2017.csv
NT,2017,2,16.618181818181817,22,fr_climat_sommaires_NT_02-2017.csv
NT,2017,3,18.7,21,fr_climat_sommaires_NT_03-2017.csv
NT,2017,4,7.700000000000002,21,fr_climat_sommaires_NT_04-2017.csv
NT,2017,5,16.177272727272726,22,fr_climat_sommaires_NT_05-2017.csv
NT,2017,6,33.91363636363637,22,fr_climat_sommaires_NT_06-2017.csv
NT,2017,7,36.51739130434783,23,fr_climat_sommaires_NT_07-2017.csv
NT,2017,8,39.1625,24,fr_climat_sommaires_NT_08-2017.csv
NT,2017,9,24.143478260869568,23,fr_climat_sommaires_NT_09-2017.csv
NT,2017,10,17.312,25,fr_climat_sommaires_NT_10-2017.csv
NT,2017,11,13.684000000000001,25,fr_climat_sommaires_NT_11-2017.csv
NT,2017,12,11.869565217391305,23,fr_climat_sommaires_NT_12-2017.csv
NT,2018,1,16.200000000000003,24,fr_climat_sommaires_NT_01-2018.csv
NT,2018,2,12.065217391304353,23,fr_climat_sommaires_NT_02-2018.csv
NT,2018,3,12.35,24,fr_climat_sommaires_NT_03-2018.csv
NT,2018,4,9.252,25,fr_climat_sommaires_NT_04-2018.csv
NT,2018,5,18.008333333333336,24,fr_climat_sommaires_NT_05-2018.csv
NT,2018,6,49.37777777777778,27,fr_climat_sommaires_NT_06-2018.csv
NT,2018,7,38.3074074074074,27,fr_climat_sommaires_NT_07-2018.csv
NT,2018,8,35.97692307692308,26,fr_climat_sommaires_NT_08-2018.csv
NT,2018,9,16.159259259259258,27,fr_climat_sommaires_NT_09-2018.csv
NT,2018,10,11.768965517241382,29,fr_climat_sommaires_NT_10-2018.csv
NT,2018,11,15.482758620689657,29,fr_climat_sommaires_NT_11-2018.csv
NT,2018,12,8.744827586206899,29,fr_climat_sommaires_NT_12-2018.csv
NT,2019,1,16.575862068965517,29,fr_climat_sommaires_NT_01-2019.csv
NT,2019,2,8.439285714285715,28,fr_climat_sommaires_NT_02-2019.csv
NT,2019,3,6.3482758620689665,29,fr_climat_sommaires_NT_03-2019.csv
NT,2019,4,10.806896551724138,29,fr_climat_sommaires_NT_04-2019.csv
NT,2019,5,12.741935483870968,31,fr_climat_sommaires_NT_05-2019.csv
NT,2019,6,45.230000000000004,30,fr_climat_sommaires_NT_06-2019.csv
NT,2019,7,37.699999999999996,30,fr_climat_sommaires_NT_07-2019.csv
NT,2019,8,52.571875000000006,32,fr_climat_sommaires_NT_08-2019.csv
NT,2019,9,22.972727272727273,33,fr_climat_sommaires_NT_09-2019.csv
NT,2019,10,24.236363636363638,33,fr_climat_sommaires_NT_10-2019.csv
NT,2019,11,37.81875,32,fr_climat_sommaires_NT_11-2019.csv
NT,2019,12,17.146666666666665,30,fr_climat_sommaires_NT_12-2019.csv
NT,2020,1,17.141935483870967,31,fr_climat_sommaires_NT_01-2020.csv
NT,2020,2,13.7,32,fr_climat_sommaires_NT_02-2020.csv
NT,2020,3,13.741379310344827,29,fr_climat_sommaires_NT_03-2020.csv
NT,2020,4,12.8875,32,fr_climat_sommaires_NT_04-2020.csv
NT,2020,5,22.01379310344828,29,fr_climat_sommaires_NT_05-2020.csv
NT,2020,6,36.75333333333334,30,fr_climat_sommaires_NT_06-2020.csv
NT,2020,7,57.68064516129032,31,fr_climat_sommaires_NT_07-2020.csv
NT,2020,8,59.660000000000004,30,fr_climat_sommaires_NT_08-2020.csv
NT,2020,9,24.138888888888893,36,fr_climat_sommaires_NT_09-2020.csv
NT,2020,10,15.659999999999997,35,fr_climat_sommaires_NT_10-2020.csv
NT,2020,11,16.733333333333334,27,fr_climat_sommaires_NT_11-2020.csv
NT,2020,12,11.878125,32,fr_climat_sommaires_NT_12-2020.csv
NT,2021,1,11.016129032258064,31,fr_climat_sommaires_NT_01-2021.csv
NT,2021,2,8.53793103448276,29,fr_climat_sommaires_NT_02-2021.csv
NT,2021,3,13.226923076923079,26,fr_climat_sommaires_NT_03-2021.csv
NT,2021,4,11.864,25,fr_climat_sommaires_NT_04-2021.csv
NT,2021,5,13.214285714285717,28,fr_climat_sommaires_NT_05-2021.csv
NT,2021,6,37.0896551724138,29,fr_climat_sommaires_NT_06-2021.csv
NT,2021,7,40.02666666666667,30,fr_climat_sommaires_NT_07-2021.csv
NT,2021,8,44.21875,32,fr_climat_sommaires_NT_08-2021.csv
NT,2021,9,33.10303030303031,33,fr_climat_sommaires_NT_09-2021.csv
NT,2021,10,12.719999999999999,35,fr_climat_sommaires_NT_10-2021.csv
NT,2021,11,17.0,30,fr_climat_sommaires_NT_11-2021.csv
NT,2021,12,12.100000000000001,30,fr_climat_sommaires_NT_12-2021.csv
NT,2022,1,14.643333333333333,30,fr_climat_sommaires_NT_01-2022.csv
NT,2022,2,12.455172413793106,29,fr_climat_sommaires_NT_02-2022.csv
NT,2022,3,11.479310344827587,29,fr_climat_sommaires_NT_03-2022.csv
NT,2022,4,7.940740740740741,27,fr_climat_sommaires_NT_04-2022.csv
NT,2022,5,26.23703703703703,27,fr_climat_sommaires_NT_05-2022.csv
NT,2022,6,21.73103448275862,29,fr_climat_sommaires_NT_06-2022.csv
NT,2022,7,23.784848484848485,33,fr_climat_sommaires_NT_07-2022.csv
NT,2022,8,30.75454545454545,33,fr_climat_sommaires_NT_08-2022.csv
NT,2022,9,20.319999999999993,35,fr_climat_sommaires_NT_09-2022.csv
NT,2022,10,21.96176470588236,34,fr_climat_sommaires_NT_10-2022.csv
NT,2022,11,14.693749999999998,32,fr_climat_sommaires_NT_11-2022.csv
NT,2022,12,17.97096774193548,31,fr_climat_sommaires_NT_12-2022.csv
NT,2023,1,10.8875,32,fr_climat_sommaires_NT_01-2023.csv
NT,2023,2,7.517241379310345,29,fr_climat_sommaires_NT_02-2023.csv
NT,2023,3,7.1931034482758625,29,fr_climat_sommaires_NT_03-2023.csv
NT,2023,4,11.687878787878788,33,fr_climat_sommaires_NT_04-2023.csv
NT,2023,5,11.974193548387095,31,fr_climat_sommaires_NT_05-2023.csv
NT,2023,6,29.80606060606061,33,fr_climat_sommaires_NT_06-2023.csv
NT,2023,7,24.844117647058823,34,fr_climat_sommaires_NT_07-2023.csv
NT,2023,8,19.247222222222224,36,fr_climat_sommaires_NT_08-2023.csv
NT,2023,9,22.205555555555552,36,fr_climat_sommaires_NT_09-2023.csv
NT,2023,10,16.09722222222222,36,fr_climat_sommaires_NT_10-2023.csv
NT,2023,11,17.978125,32,fr_climat_sommaires_NT_11-2023.csv
NT,2023,12,13.303225806451614,31,fr_climat_sommaires_NT_12-2023.csv
NT,2024,1,10.36875,32,fr_climat_sommaires_NT_01-2024.csv
NT,2024,2,8.513333333333334,30,fr_climat_sommaires_NT_02-2024.csv
NT,2024,3,6.320000000000001,30,fr_climat_sommaires_NT_03-2024.csv
NT,2024,4,5.96470588235294,34,fr_climat_sommaires_NT_04-2024.csv
NT,2024,5,18.72941176470588,34,fr_climat_sommaires_NT_05-2024.csv
NT,2024,6,16.971875,32,fr_climat_sommaires_NT_06-2024.csv
NT,2024,7,31.103030303030298,33,fr_climat_sommaires_NT_07-2024.csv
NT,2024,8,21.485714285714284,35,fr_climat_sommaires_NT_08-2024.csv
NT,2024,9,22.929411764705883,34,fr_climat_sommaires_NT_09-2024.csv
NT,2024,10,16.69393939393939,33,fr_climat_sommaires_NT_10-2024.csv
NT,2024,11,12.62,30,fr_climat_sommaires_NT_11-2024.csv
NT,2024,12,14.13448275862069,29,fr_climat_sommaires_NT_12-2024.csv
NT,2025,1,11.26666666666667,30,fr_climat_sommaires_NT_01-2025.csv
NT,2025,2,9.056666666666668,30,fr_climat_sommaires_NT_02-2025.csv
NT,2025,3,4.775862068965516,29,fr_climat_sommaires_NT_03-2025.csv
NT,2025,4,9.793333333333333,30,fr_climat_sommaires_NT_04-2025.csv
NT,2025,5,16.48709677419355,31,fr_climat_sommaires_NT_05-2025.csv
NT,2025,6,11.971875,32,fr_climat_sommaires_NT_06-2025.csv
NT,2025,7,21.771875,32,fr_climat_sommaires_NT_07-2025.csv
NT,2025,8,26.822222222222216,36,fr_climat_sommaires_NT_08-2025.csv
NT,2025,9,21.905405405405407,37,fr_climat_sommaires_NT_09-2025.csv
NT,2025,10,18.47837837837838,37,fr_climat_sommaires_NT_10-2025.csv
NT,2025,11,14.722857142857142,35,fr_climat_sommaires_NT_11-2025.csv
NT,2025,12,14.136363636363638,33,fr_climat_sommaires_NT_12-2025.csv
NU,2000,1,9.527272727272727,33,fr_climat_sommaires_NU_01-2000.csv
NU,2000,2,8.402702702702703,37,fr_climat_sommaires_NU_02-2000.csv
NU,2000,3,13.746875,32,fr_climat_sommaires_NU_03-2000.csv
NU,2000,4,14.706060606060607,33,fr_climat_sommaires_NU_04-2000.csv
NU,2000,5,9.611764705882353,34,fr_climat_sommaires_NU_05-2000.csv
NU,2000,6,17.74857142857143,35,fr_climat_sommaires_NU_06-2000.csv
NU,2000,7,24.223529411764705,34,fr_climat_sommaires_NU_07-2000.csv
NU,2000,8,47.16216216216216,37,fr_climat_sommaires_NU_08-2000.csv
NU,2000,9,30.35945945945946,37,fr_climat_sommaires_NU_09-2000.csv
NU,2000,10,24.333333333333332,36,fr_climat_sommaires_NU_10-2000.csv
NU,2000,11,20.95,34,fr_climat_sommaires_NU_11-2000.csv
NU,2000,12,16.634285714285717,35,fr_climat_sommaires_NU_12-2000.csv
NU,2001,1,11.751428571428571,35,fr_climat_sommaires_NU_01-2001.csv
NU,2001,2,8.425,32,fr_climat_sommaires_NU_02-2001.csv
NU,2001,3,11.438709677419356,31,fr_climat_sommaires_NU_03-2001.csv
NU,2001,4,21.805882352941175,34,fr_climat_sommaires_NU_04-2001.csv
NU,2001,5,22.965714285714288,35,fr_climat_sommaires_NU_05-2001.csv
NU,2001,6,25.985294117647058,34,fr_climat_sommaires_NU_06-2001.csv
NU,2001,7,30.21944444444444,36,fr_climat_sommaires_NU_07-2001.csv
NU,2001,8,39.313513513513506,37,fr_climat_sommaires_NU_08-2001.csv
NU,2001,9,22.997142857142858,35,fr_climat_sommaires_NU_09-2001.csv
NU,2001,10,27.241176470588236,34,fr_climat_sommaires_NU_10-2001.csv
NU,2001,11,15.83125,32,fr_climat_sommaires_NU_11-2001.csv
NU,2001,12,13.678124999999998,32,fr_climat_sommaires_NU_12-2001.csv
NU,2002,1,9.75,32,fr_climat_sommaires_NU_01-2002.csv
NU,2002,2,6.3999999999999995,33,fr_climat_sommaires_NU_02-2002.csv
NU,2002,3,10.157575757575758,33,fr_climat_sommaires_NU_03-2002.csv
NU,2002,4,12.321874999999999,32,fr_climat_sommaires_NU_04-2002.csv
NU,2002,5,10.178125,32,fr_climat_sommaires_NU_05-2002.csv
NU,2002,6,24.153125000000003,32,fr_climat_sommaires_NU_06-2002.csv
NU,2002,7,37.59375,32,fr_climat_sommaires_NU_07-2002.csv
NU,2002,8,39.377142857142864,35,fr_climat_sommaires_NU_08-2002.csv
NU,2002,9,34.650000000000006,36,fr_climat_sommaires_NU_09-2002.csv
NU,2002,10,21.40277777777778,36,fr_climat_sommaires_NU_10-2002.csv
NU,2002,11,19.11714285714286,35,fr_climat_sommaires_NU_11-2002.csv
NU,2002,12,12.814285714285717,35,fr_climat_sommaires_NU_12-2002.csv
NU,2003,1,14.03529411764706,34,fr_climat_sommaires_NU_01-2003.csv
NU,2003,2,6.418181818181819,33,fr_climat_sommaires_NU_02-2003.csv
NU,2003,3,12.112121212121213,33,fr_climat_sommaires_NU_03-2003.csv
NU,2003,4,8.773529411764706,34,fr_climat_sommaires_NU_04-2003.csv
NU,2003,5,21.708823529411767,34,fr_climat_sommaires_NU_05-2003.csv
NU,2003,6,24.220588235294116,34,fr_climat_sommaires_NU_06-2003.csv
NU,2003,7,21.69736842105263,38,fr_climat_sommaires_NU_07-2003.csv
NU,2003,8,44.63055555555556,36,fr_climat_sommaires_NU_08-2003.csv
NU,2003,9,26.882051282051286,39,fr_climat_sommaires_NU_09-2003.csv
NU,2003,10,25.924324324324324,37,fr_climat_sommaires_NU_10-2003.csv
NU,2003,11,21.28055555555556,36,fr_climat_sommaires_NU_11-2003.csv
NU,2003,12,19.251351351351353,37,fr_climat_sommaires_NU_12-2003.csv
NU,2004,1,6.308571428571428,35,fr_climat_sommaires_NU_01-2004.csv
NU,2004,2,8.615789473684211,38,fr_climat_sommaires_NU_02-2004.csv
NU,2004,3,11.830000000000002,40,fr_climat_sommaires_NU_03-2004.csv
NU,2004,4,14.105,40,fr_climat_sommaires_NU_04-2004.csv
NU,2004,5,11.391891891891891,37,fr_climat_sommaires_NU_05-2004.csv
NU,2004,6,14.78421052631579,38,fr_climat_sommaires_NU_06-2004.csv
NU,2004,7,25.58974358974359,39,fr_climat_sommaires_NU_07-2004.csv
NU,2004,8,38.610256410256405,39,fr_climat_sommaires_NU_08-2004.csv
NU,2004,9,32.5575,40,fr_climat_sommaires_NU_09-2004.csv
NU,2004,10,37.973684210526315,38,fr_climat_sommaires_NU_10-2004.csv
NU,2004,11,24.700000000000003,36,fr_climat_sommaires_NU_11-2004.csv
NU,2004,12,8.4475,40,fr_climat_sommaires_NU_12-2004.csv
NU,2005,1,7.930769230769228,39,fr_climat_sommaires_NU_01-2005.csv
NU,2005,2,15.809999999999999,40,fr_climat_sommaires_NU_02-2005.csv
NU,2005,3,27.29268292682927,41,fr_climat_sommaires_NU_03-2005.csv
NU,2005,4,22.27906976744186,43,fr_climat_sommaires_NU_04-2005.csv
NU,2005,5,19.36363636363636,44,fr_climat_sommaires_NU_05-2005.csv
NU,2005,6,26.54090909090909,44,fr_climat_sommaires_NU_06-2005.csv
NU,2005,7,45.89166666666667,48,fr_climat_sommaires_NU_07-2005.csv
NU,2005,8,36.148979591836735,49,fr_climat_sommaires_NU_08-2005.csv
NU,2005,9,29.066666666666663,45,fr_climat_sommaires_NU_09-2005.csv
NU,2005,10,28.5625,48,fr_climat_sommaires_NU_10-2005.csv
NU,2005,11,19.623913043478264,46,fr_climat_sommaires_NU_11-2005.csv
NU,2005,12,11.406521739130433,46,fr_climat_sommaires_NU_12-2005.csv
NU,2006,1,10.403571428571427,56,fr_climat_sommaires_NU_01-2006.csv
NU,2006,2,13.075925925925926,54,fr_climat_sommaires_NU_02-2006.csv
NU,2006,3,10.159322033898306,59,fr_climat_sommaires_NU_03-2006.csv
NU,2006,4,18.98545454545454,55,fr_climat_sommaires_NU_04-2006.csv
NU,2006,5,14.049999999999997,54,fr_climat_sommaires_NU_05-2006.csv
NU,2006,6,18.36140350877193,57,fr_climat_sommaires_NU_06-2006.csv
NU,2006,7,24.355555555555558,54,fr_climat_sommaires_NU_07-2006.csv
NU,2006,8,21.503703703703703,54,fr_climat_sommaires_NU_08-2006.csv
NU,2006,9,14.910909090909092,55,fr_climat_sommaires_NU_09-2006.csv
NU,2006,10,20.92241379310345,58,fr_climat_sommaires_NU_10-2006.csv
NU,2006,11,10.925,56,fr_climat_sommaires_NU_11-2006.csv
NU,2006,12,8.77962962962963,54,fr_climat_sommaires_NU_12-2006.csv
NU,2007,1,5.203846153846153,52,fr_climat_sommaires_NU_01-2007.csv
NU,2007,2,4.226923076923077,52,fr_climat_sommaires_NU_02-2007.csv
NU,2007,3,5.93061224489796,49,fr_climat_sommaires_NU_03-2007.csv
NU,2007,4,8.823636363636364,55,fr_climat_sommaires_NU_04-2007.csv
NU,2007,5,7.0,55,fr_climat_sommaires_NU_05-2007.csv
NU,2007,6,16.517857142857142,56,fr_climat_sommaires_NU_06-2007.csv
NU,2007,7,24.907142857142855,56,fr_climat_sommaires_NU_07-2007.csv
NU,2007,8,34.07454545454546,55,fr_climat_sommaires_NU_08-2007.csv
NU,2007,9,16.975,52,fr_climat_sommaires_NU_09-2007.csv
NU,2007,10,22.212903225806446,31,fr_climat_sommaires_NU_10-2007.csv
NU,2007,11,10.618421052631577,38,fr_climat_sommaires_NU_11-2007.csv
NU,2007,12,7.596551724137932,29,fr_climat_sommaires_NU_12-2007.csv
NU,2008,1,13.765789473684212,38,fr_climat_sommaires_NU_01-2008.csv
NU,2008,2,8.342105263157892,38,fr_climat_sommaires_NU_02-2008.csv
NU,2008,3,13.3875,32,fr_climat_sommaires_NU_03-2008.csv
NU,2008,4,14.78125,32,fr_climat_sommaires_NU_04-2008.csv
NU,2008,5,8.712121212121213,33,fr_climat_sommaires_NU_05-2008.csv
NU,2008,6,20.377142857142857,35,fr_climat_sommaires_NU_06-2008.csv
NU,2008,7,28.415909090909086,44,fr_climat_sommaires_NU_07-2008.csv
NU,2008,8,47.473333333333336,45,fr_climat_sommaires_NU_08-2008.csv
NU,2008,9,25.99090909090909,44,fr_climat_sommaires_NU_09-2008.csv
NU,2008,10,26.644186046511628,43,fr_climat_sommaires_NU_10-2008.csv
NU,2008,11,13.911363636363637,44,fr_climat_sommaires_NU_11-2008.csv
NU,2008,12,9.386046511627907,43,fr_climat_sommaires_NU_12-2008.csv
NU,2009,1,12.497674418604653,43,fr_climat_sommaires_NU_01-2009.csv
NU,2009,2,10.01219512195122,41,fr_climat_sommaires_NU_02-2009.csv
NU,2009,3,12.030769230769229,39,fr_climat_sommaires_NU_03-2009.csv
NU,2009,4,13.997499999999999,40,fr_climat_sommaires_NU_04-2009.csv
NU,2009,5,9.345238095238095,42,fr_climat_sommaires_NU_05-2009.csv
NU,2009,6,17.18372093023256,43,fr_climat_sommaires_NU_06-2009.csv
NU,2009,7,25.419047619047618,42,fr_climat_sommaires_NU_07-2009.csv
NU,2009,8,26.463043478260875,46,fr_climat_sommaires_NU_08-2009.csv
NU,2009,9,36.8804347826087,46,fr_climat_sommaires_NU_09-2009.csv
NU,2009,10,20.90869565217391,46,fr_climat_sommaires_NU_10-2009.csv
NU,2009,11,21.682222222222222,45,fr_climat_sommaires_NU_11-2009.csv
NU,2009,12,21.78837209302326,43,fr_climat_sommaires_NU_12-2009.csv
NU,2010,1,12.96153846153846,39,fr_climat_sommaires_NU_01-2010.csv
NU,2010,2,10.024390243902438,41,fr_climat_sommaires_NU_02-2010.csv
NU,2010,3,12.392105263157895,38,fr_climat_sommaires_NU_03-2010.csv
NU,2010,4,14.943902439024388,41,fr_climat_sommaires_NU_04-2010.csv
NU,2010,5,11.904878048780489,41,fr_climat_sommaires_NU_05-2010.csv
NU,2010,6,13.261538461538462,39,fr_climat_sommaires_NU_06-2010.csv
NU,2010,7,33.8275,40,fr_climat_sommaires_NU_07-2010.csv
NU,2010,8,32.49761904761905,42,fr_climat_sommaires_NU_08-2010.csv
NU,2010,9,22.097727272727273,44,fr_climat_sommaires_NU_09-2010.csv
NU,2010,10,26.50227272727273,44,fr_climat_sommaires_NU_10-2010.csv
NU,2010,11,23.21951219512195,41,fr_climat_sommaires_NU_11-2010.csv
NU,2010,12,15.969047619047618,42,fr_climat_sommaires_NU_12-2010.csv
NU,2011,1,16.55806451612903,31,fr_climat_sommaires_NU_01-2011.csv
NU,2011,2,9.286206896551725,29,fr_climat_sommaires_NU_02-2011.csv
NU,2011,3,13.379310344827589,29,fr_climat_sommaires_NU_03-2011.csv
NU,2011,4,13.09,30,fr_climat_sommaires_NU_04-2011.csv
NU,2011,5,12.6,30,fr_climat_sommaires_NU_05-2011.csv
NU,2011,6,24.95,32,fr_climat_sommaires_NU_06-2011.csv
NU,2011,7,22.69375,32,fr_climat_sommaires_NU_07-2011.csv
NU,2011,8,28.488235294117644,34,fr_climat_sommaires_NU_08-2011.csv
NU,2011,9,31.165714285714284,35,fr_climat_sommaires_NU_09-2011.csv
NU,2011,10,25.979411764705887,34,fr_climat_sommaires_NU_10-2011.csv
NU,2011,11,18.62,35,fr_climat_sommaires_NU_11-2011.csv
NU,2011,12,16.030555555555555,36,fr_climat_sommaires_NU_12-2011.csv
NU,2012,1,10.64047619047619,42,fr_climat_sommaires_NU_01-2012.csv
NU,2012,2,12.294999999999998,40,fr_climat_sommaires_NU_02-2012.csv
NU,2012,3,19.24054054054054,37,fr_climat_sommaires_NU_03-2012.csv
NU,2012,4,18.48809523809524,42,fr_climat_sommaires_NU_04-2012.csv
NU,2012,5,13.725,40,fr_climat_sommaires_NU_05-2012.csv
NU,2012,6,28.176190476190477,42,fr_climat_sommaires_NU_06-2012.csv
NU,2012,7,32.04318181818182,44,fr_climat_sommaires_NU_07-2012.csv
NU,2012,8,31.189583333333335,48,fr_climat_sommaires_NU_08-2012.csv
NU,2012,9,32.22340425531914,47,fr_climat_sommaires_NU_09-2012.csv
NU,2012,10,17.536956521739135,46,fr_climat_sommaires_NU_10-2012.csv
NU,2012,11,15.69777777777778,45,fr_climat_sommaires_NU_11-2012.csv
NU,2012,12,8.566666666666666,42,fr_climat_sommaires_NU_12-2012.csv
NU,2013,1,6.914000000000001,50,fr_climat_sommaires_NU_01-2013.csv
NU,2013,2,8.420408163265305,49,fr_climat_sommaires_NU_02-2013.csv
NU,2013,3,13.243137254901962,51,fr_climat_sommaires_NU_03-2013.csv
NU,2013,4,16.93653846153846,52,fr_climat_sommaires_NU_04-2013.csv
NU,2013,5,15.899999999999999,52,fr_climat_sommaires_NU_05-2013.csv
NU,2013,6,17.33207547169811,53,fr_climat_sommaires_NU_06-2013.csv
NU,2013,7,33.783018867924525,53,fr_climat_sommaires_NU_07-2013.csv
NU,2013,8,26.485185185185188,54,fr_climat_sommaires_NU_08-2013.csv
NU,2013,9,30.898148148148152,54,fr_climat_sommaires_NU_09-2013.csv
NU,2013,10,19.698113207547173,53,fr_climat_sommaires_NU_10-2013.csv
NU,2013,11,9.015384615384614,52,fr_climat_sommaires_NU_11-2013.csv
NU,2013,12,5.584782608695652,46,fr_climat_sommaires_NU_12-2013.csv
NU,2014,1,12.302040816326532,49,fr_climat_sommaires_NU_01-2014.csv
NU,2014,2,8.875,48,fr_climat_sommaires_NU_02-2014.csv
NU,2014,3,9.306249999999999,48,fr_climat_sommaires_NU_03-2014.csv
NU,2014,4,12.738775510204086,49,fr_climat_sommaires_NU_04-2014.csv
NU,2014,5,15.648936170212766,47,fr_climat_sommaires_NU_05-2014.csv
NU,2014,6,19.459183673469386,49,fr_climat_sommaires_NU_06-2014.csv
NU,2014,7,25.184615384615377,52,fr_climat_sommaires_NU_07-2014.csv
NU,2014,8,42.03018867924529,53,fr_climat_sommaires_NU_08-2014.csv
NU,2014,9,21.669642857142858,56,fr_climat_sommaires_NU_09-2014.csv
NU,2014,10,20.276785714285715,56,fr_climat_sommaires_NU_10-2014.csv
NU,2014,11,10.549999999999999,56,fr_climat_sommaires_NU_11-2014.csv
NU,2014,12,11.10612244897959,49,fr_climat_sommaires_NU_12-2014.csv
NU,2015,1,7.682608695652175,46,fr_climat_sommaires_NU_01-2015.csv
NU,2015,2,6.218181818181819,44,fr_climat_sommaires_NU_02-2015.csv
NU,2015,3,12.372727272727273,44,fr_climat_sommaires_NU_03-2015.csv
NU,2015,4,11.186046511627907,43,fr_climat_sommaires_NU_04-2015.csv
NU,2015,5,11.209523809523809,42,fr_climat_sommaires_NU_05-2015.csv
NU,2015,6,17.021951219512196,41,fr_climat_sommaires_NU_06-2015.csv
NU,2015,7,30.075555555555553,45,fr_climat_sommaires_NU_07-2015.csv
NU,2015,8,28.13478260869565,46,fr_climat_sommaires_NU_08-2015.csv
NU,2015,9,27.917391304347824,46,fr_climat_sommaires_NU_09-2015.csv
NU,2015,10,16.747826086956525,46,fr_climat_sommaires_NU_10-2015.csv
NU,2015,11,14.343181818181817,44,fr_climat_sommaires_NU_11-2015.csv
NU,2015,12,8.674999999999999,44,fr_climat_sommaires_NU_12-2015.csv
NU,2016,1,7.029268292682927,41,fr_climat_sommaires_NU_01-2016.csv
NU,2016,2,8.154347826086957,46,fr_climat_sommaires_NU_02-2016.csv
NU,2016,3,8.893181818181818,44,fr_climat_sommaires_NU_03-2016.csv
NU,2016,4,13.311363636363637,44,fr_climat_sommaires_NU_04-2016.csv
NU,2016,5,12.82727272727273,44,fr_climat_sommaires_NU_05-2016.csv
NU,2016,6,18.023255813953487,43,fr_climat_sommaires_NU_06-2016.csv
NU,2016,7,26.47555555555556,45,fr_climat_sommaires_NU_07-2016.csv
NU,2016,8,30.26808510638298,47,fr_climat_sommaires_NU_08-2016.csv
NU,2016,9,35.110638297872335,47,fr_climat_sommaires_NU_09-2016.csv
NU,2016,10,14.543478260869565,46,fr_climat_sommaires_NU_10-2016.csv
NU,2016,11,11.27857142857143,42,fr_climat_sommaires_NU_11-2016.csv
NU,2016,12,7.006818181818181,44,fr_climat_sommaires_NU_12-2016.csv
NU,2017,1,7.429268292682926,41,fr_climat_sommaires_NU_01-2017.csv
NU,2017,2,6.036842105263158,38,fr_climat_sommaires_NU_02-2017.csv
NU,2017,3,13.342105263157896,38,fr_climat_sommaires_NU_03-2017.csv
NU,2017,4,10.715789473684211,38,fr_climat_sommaires_NU_04-2017.csv
NU,2017,5,10.384615384615385,39,fr_climat_sommaires_NU_05-2017.csv
NU,2017,6,15.512195121951217,41,fr_climat_sommaires_NU_06-2017.csv
NU,2017,7,27.5,42,fr_climat_sommaires_NU_07-2017.csv
NU,2017,8,26.93809523809524,42,fr_climat_sommaires_NU_08-2017.csv
NU,2017,9,25.082222222222224,45,fr_climat_sommaires_NU_09-2017.csv
NU,2017,10,23.613333333333337,45,fr_climat_sommaires_NU_10-2017.csv
NU,2017,11,12.659090909090907,44,fr_climat_sommaires_NU_11-2017.csv
NU,2017,12,5.67906976744186,43,fr_climat_sommaires_NU_12-2017.csv
NU,2018,1,3.8071428571428574,42,fr_climat_sommaires_NU_01-2018.csv
NU,2018,2,4.5634146341463415,41,fr_climat_sommaires_NU_02-2018.csv
NU,2018,3,12.5,41,fr_climat_sommaires_NU_03-2018.csv
NU,2018,4,10.654761904761907,42,fr_climat_sommaires_NU_04-2018.csv
NU,2018,5,10.333333333333334,42,fr_climat_sommaires_NU_05-2018.csv
NU,2018,6,17.834883720930236,43,fr_climat_sommaires_NU_06-2018.csv
NU,2018,7,28.23260869565218,46,fr_climat_sommaires_NU_07-2018.csv
NU,2018,8,43.30869565217392,46,fr_climat_sommaires_NU_08-2018.csv
NU,2018,9,19.364583333333332,48,fr_climat_sommaires_NU_09-2018.csv
NU,2018,10,11.15,46,fr_climat_sommaires_NU_10-2018.csv
NU,2018,11,8.540000000000001,45,fr_climat_sommaires_NU_11-2018.csv
NU,2018,12,8.046666666666665,45,fr_climat_sommaires_NU_12-2018.csv
NU,2019,1,6.402272727272728,44,fr_climat_sommaires_NU_01-2019.csv
NU,2019,2,3.597727272727273,44,fr_climat_sommaires_NU_02-2019.csv
NU,2019,3,12.633333333333331,42,fr_climat_sommaires_NU_03-2019.csv
NU,2019,4,9.519512195121951,41,fr_climat_sommaires_NU_04-2019.csv
NU,2019,5,7.619512195121951,41,fr_climat_sommaires_NU_05-2019.csv
NU,2019,6,23.294999999999998,40,fr_climat_sommaires_NU_06-2019.csv
NU,2019,7,35.778571428571425,42,fr_climat_sommaires_NU_07-2019.csv
NU,2019,8,43.34444444444444,45,fr_climat_sommaires_NU_08-2019.csv
NU,2019,9,33.546808510638286,47,fr_climat_sommaires_NU_09-2019.csv
NU,2019,10,21.347826086956523,46,fr_climat_sommaires_NU_10-2019.csv
NU,2019,11,10.870212765957445,47,fr_climat_sommaires_NU_11-2019.csv
NU,2019,12,6.995744680851066,47,fr_climat_sommaires_NU_12-2019.csv
NU,2020,1,5.595555555555555,45,fr_climat_sommaires_NU_01-2020.csv
NU,2020,2,3.956521739130434,46,fr_climat_sommaires_NU_02-2020.csv
NU,2020,3,6.488636363636363,44,fr_climat_sommaires_NU_03-2020.csv
NU,2020,4,5.74888888888889,45,fr_climat_sommaires_NU_04-2020.csv
NU,2020,5,9.916279069767441,43,fr_climat_sommaires_NU_05-2020.csv
NU,2020,6,9.049999999999999,42,fr_climat_sommaires_NU_06-2020.csv
NU,2020,7,23.64761904761905,42,fr_climat_sommaires_NU_07-2020.csv
NU,2020,8,23.243902439024392,41,fr_climat_sommaires_NU_08-2020.csv
NU,2020,9,15.988636363636367,44,fr_climat_sommaires_NU_09-2020.csv
NU,2020,10,16.74888888888889,45,fr_climat_sommaires_NU_10-2020.csv
NU,2020,11,9.645238095238096,42,fr_climat_sommaires_NU_11-2020.csv
NU,2020,12,9.464444444444444,45,fr_climat_sommaires_NU_12-2020.csv
NU,2021,1,5.8999999999999995,42,fr_climat_sommaires_NU_01-2021.csv
NU,2021,2,5.525581395348837,43,fr_climat_sommaires_NU_02-2021.csv
NU,2021,3,7.938095238095239,42,fr_climat_sommaires_NU_03-2021.csv
NU,2021,4,10.746341463414634,41,fr_climat_sommaires_NU_04-2021.csv
NU,2021,5,8.768292682926829,41,fr_climat_sommaires_NU_05-2021.csv
NU,2021,6,19.653658536585365,41,fr_climat_sommaires_NU_06-2021.csv
NU,2021,7,33.55853658536585,41,fr_climat_sommaires_NU_07-2021.csv
NU,2021,8,39.68043478260869,46,fr_climat_sommaires_NU_08-2021.csv
NU,2021,9,29.380434782608695,46,fr_climat_sommaires_NU_09-2021.csv
NU,2021,10,24.91860465116279,43,fr_climat_sommaires_NU_10-2021.csv
NU,2021,11,8.328888888888889,45,fr_climat_sommaires_NU_11-2021.csv
NU,2021,12,9.148888888888887,45,fr_climat_sommaires_NU_12-2021.csv
NU,2022,1,7.476190476190476,42,fr_climat_sommaires_NU_01-2022.csv
NU,2022,2,6.453488372093025,43,fr_climat_sommaires_NU_02-2022.csv
NU,2022,3,6.781818181818182,44,fr_climat_sommaires_NU_03-2022.csv
NU,2022,4,5.8,40,fr_climat_sommaires_NU_04-2022.csv
NU,2022,5,10.907499999999999,40,fr_climat_sommaires_NU_05-2022.csv
NU,2022,6,15.241463414634145,41,fr_climat_sommaires_NU_06-2022.csv
NU,2022,7,20.334090909090907,44,fr_climat_sommaires_NU_07-2022.csv
NU,2022,8,29.917777777777772,45,fr_climat_sommaires_NU_08-2022.csv
NU,2022,9,28.14222222222223,45,fr_climat_sommaires_NU_09-2022.csv
NU,2022,10,25.634883720930226,43,fr_climat_sommaires_NU_10-2022.csv
NU,2022,11,6.5311111111111115,45,fr_climat_sommaires_NU_11-2022.csv
NU,2022,12,8.976744186046512,43,fr_climat_sommaires_NU_12-2022.csv
NU,2023,1,5.51860465116279,43,fr_climat_sommaires_NU_01-2023.csv
NU,2023,2,3.5256410256410255,39,fr_climat_sommaires_NU_02-2023.csv
NU,2023,3,4.407500000000001,40,fr_climat_sommaires_NU_03-2023.csv
NU,2023,4,5.18780487804878,41,fr_climat_sommaires_NU_04-2023.csv
NU,2023,5,13.467500000000001,40,fr_climat_sommaires_NU_05-2023.csv
NU,2023,6,21.726190476190478,42,fr_climat_sommaires_NU_06-2023.csv
NU,2023,7,26.626086956521743,46,fr_climat_sommaires_NU_07-2023.csv
NU,2023,8,35.55555555555556,45,fr_climat_sommaires_NU_08-2023.csv
NU,2023,9,31.184782608695652,46,fr_climat_sommaires_NU_09-2023.csv
NU,2023,10,24.757777777777772,45,fr_climat_sommaires_NU_10-2023.csv
NU,2023,11,15.040909090909093,44,fr_climat_sommaires_NU_11-2023.csv
NU,2023,12,17.032558139534885,43,fr_climat_sommaires_NU_12-2023.csv
NU,2024,1,8.04871794871795,39,fr_climat_sommaires_NU_01-2024.csv
NU,2024,2,5.9925,40,fr_climat_sommaires_NU_02-2024.csv
NU,2024,3,6.958536585365852,41,fr_climat_sommaires_NU_03-2024.csv
NU,2024,4,10.483333333333334,42,fr_climat_sommaires_NU_04-2024.csv
NU,2024,5,9.411904761904761,42,fr_climat_sommaires_NU_05-2024.csv
NU,2024,6,13.45454545454546,44,fr_climat_sommaires_NU_06-2024.csv
NU,2024,7,35.73953488372093,43,fr_climat_sommaires_NU_07-2024.csv
NU,2024,8,32.199999999999996,44,fr_climat_sommaires_NU_08-2024.csv
NU,2024,9,50.524444444444455,45,fr_climat_sommaires_NU_09-2024.csv
NU,2024,10,25.838636363636365,44,fr_climat_sommaires_NU_10-2024.csv
NU,2024,11,13.165909090909093,44,fr_climat_sommaires_NU_11-2024.csv
NU,2024,12,9.17857142857143,42,fr_climat_sommaires_NU_12-2024.csv
NU,2025,1,8.81,40,fr_climat_sommaires_NU_01-2025.csv
NU,2025,2,6.305555555555555,36,fr_climat_sommaires_NU_02-2025.csv
NU,2025,3,5.7894736842105265,38,fr_climat_sommaires_NU_03-2025.csv
NU,2025,4,7.805263157894736,38,fr_climat_sommaires_NU_04-2025.csv
NU,2025,5,12.465909090909092,44,fr_climat_sommaires_NU_05-2025.csv
NU,2025,6,12.740000000000004,45,fr_climat_sommaires_NU_06-2025.csv
NU,2025,7,29.302083333333332,48,fr_climat_sommaires_NU_07-2025.csv
NU,2025,8,28.2195652173913,46,fr_climat_sommaires_NU_08-2025.csv
NU,2025,9,23.166666666666668,48,fr_climat_sommaires_NU_09-2025.csv
NU,2025,10,24.78510638297872,47,fr_climat_sommaires_NU_10-2025.csv
NU,2025,11,11.058695652173913,46,fr_climat_sommaires_NU_11-2025.csv
NU,2025,12,7.660869565217391,46,fr_climat_sommaires_NU_12-2025.csv
ON,2000,1,52.169915254237296,236,fr_climat_sommaires_ON_01-2000.csv
ON,2000,2,46.5012987012987,231,fr_climat_sommaires_ON_02-2000.csv
ON,2000,3,43.938235294117646,238,fr_climat_sommaires_ON_03-2000.csv
ON,2000,4,72.24596774193549,248,fr_climat_sommaires_ON_04-2000.csv
ON,2000,5,114.50823529411765,255,fr_climat_sommaires_ON_05-2000.csv
ON,2000,6,152.09137254901958,255,fr_climat_sommaires_ON_06-2000.csv
ON,2000,7,89.92908366533864,251,fr_climat_sommaires_ON_07-2000.csv
ON,2000,8,84.69243027888447,251,fr_climat_sommaires_ON_08-2000.csv
ON,2000,9,85.10909090909091,253,fr_climat_sommaires_ON_09-2000.csv
ON,2000,10,36.89960000000001,250,fr_climat_sommaires_ON_10-2000.csv
ON,2000,11,76.50954356846471,241,fr_climat_sommaires_ON_11-2000.csv
ON,2000,12,93.17801724137932,232,fr_climat_sommaires_ON_12-2000.csv
ON,2001,1,46.653303964757704,227,fr_climat_sommaires_ON_01-2001.csv
ON,2001,2,77.90948275862068,232,fr_climat_sommaires_ON_02-2001.csv
ON,2001,3,42.96137339055794,233,fr_climat_sommaires_ON_03-2001.csv
ON,2001,4,51.20127659574468,235,fr_climat_sommaires_ON_04-2001.csv
ON,2001,5,87.71563786008231,243,fr_climat_sommaires_ON_05-2001.csv
ON,2001,6,71.98755020080321,249,fr_climat_sommaires_ON_06-2001.csv
ON,2001,7,44.254183266932266,251,fr_climat_sommaires_ON_07-2001.csv
ON,2001,8,67.9992,250,fr_climat_sommaires_ON_08-2001.csv
ON,2001,9,94.23095238095239,252,fr_climat_sommaires_ON_09-2001.csv
ON,2001,10,125.85627530364371,247,fr_climat_sommaires_ON_10-2001.csv
ON,2001,11,78.98059071729958,237,fr_climat_sommaires_ON_11-2001.csv
ON,2001,12,71.59148936170213,235,fr_climat_sommaires_ON_12-2001.csv
ON,2002,1,47.90361990950227,221,fr_climat_sommaires_ON_01-2002.csv
ON,2002,2,53.922171945701365,221,fr_climat_sommaires_ON_02-2002.csv
ON,2002,3,73.52374429223745,219,fr_climat_sommaires_ON_03-2002.csv
ON,2002,4,82.29911111111113,225,fr_climat_sommaires_ON_04-2002.csv
ON,2002,5,95.37489177489176,231,fr_climat_sommaires_ON_05-2002.csv
ON,2002,6,94.76200873362446,229,fr_climat_sommaires_ON_06-2002.csv
ON,2002,7,70.5288209606987,229,fr_climat_sommaires_ON_07-2002.csv
ON,2002,8,48.264192139738,229,fr_climat_sommaires_ON_08-2002.csv
ON,2002,9,63.87205240174672,229,fr_climat_sommaires_ON_09-2002.csv
ON,2002,10,69.72787610619469,226,fr_climat_sommaires_ON_10-2002.csv
ON,2002,11,68.06875000000001,224,fr_climat_sommaires_ON_11-2002.csv
ON,2002,12,45.58986175115207,217,fr_climat_sommaires_ON_12-2002.csv
ON,2003,1,55.80236966824644,211,fr_climat_sommaires_ON_01-2003.csv
ON,2003,2,52.25837320574163,209,fr_climat_sommaires_ON_02-2003.csv
ON,2003,3,57.81408450704225,213,fr_climat_sommaires_ON_03-2003.csv
ON,2003,4,55.47511312217195,221,fr_climat_sommaires_ON_04-2003.csv
ON,2003,5,98.05333333333333,225,fr_climat_sommaires_ON_05-2003.csv
ON,2003,6,71.20807174887892,223,fr_climat_sommaires_ON_06-2003.csv
ON,2003,7,82.48392857142858,224,fr_climat_sommaires_ON_07-2003.csv
ON,2003,8,78.63141592920353,226,fr_climat_sommaires_ON_08-2003.csv
ON,2003,9,103.54080717488789,223,fr_climat_sommaires_ON_09-2003.csv
ON,2003,10,86.68977777777776,225,fr_climat_sommaires_ON_10-2003.csv
ON,2003,11,108.8427927927928,222,fr_climat_sommaires_ON_11-2003.csv
ON,2003,12,71.22017937219732,223,fr_climat_sommaires_ON_12-2003.csv
ON,2004,1,70.75700934579439,214,fr_climat_sommaires_ON_01-2004.csv
ON,2004,2,32.32488038277512,209,fr_climat_sommaires_ON_02-2004.csv
ON,2004,3,75.6911214953271,214,fr_climat_sommaires_ON_03-2004.csv
ON,2004,4,59.46559633027522,218,fr_climat_sommaires_ON_04-2004.csv
ON,2004,5,122.58264840182648,219,fr_climat_sommaires_ON_05-2004.csv
ON,2004,6,66.03504672897198,214,fr_climat_sommaires_ON_06-2004.csv
ON,2004,7,105.18636363636364,220,fr_climat_sommaires_ON_07-2004.csv
ON,2004,8,73.68181818181819,220,fr_climat_sommaires_ON_08-2004.csv
ON,2004,9,58.807239819004515,221,fr_climat_sommaires_ON_09-2004.csv
ON,2004,10,73.96405529953917,217,fr_climat_sommaires_ON_10-2004.csv
ON,2004,11,73.29493087557604,217,fr_climat_sommaires_ON_11-2004.csv
ON,2004,12,95.03486238532109,218,fr_climat_sommaires_ON_12-2004.csv
ON,2005,1,68.3073732718894,217,fr_climat_sommaires_ON_01-2005.csv
ON,2005,2,54.94532710280374,214,fr_climat_sommaires_ON_02-2005.csv
ON,2005,3,33.56620370370371,216,fr_climat_sommaires_ON_03-2005.csv
ON,2005,4,79.57836257309943,171,fr_climat_sommaires_ON_04-2005.csv
ON,2005,5,39.38427672955975,159,fr_climat_sommaires_ON_05-2005.csv
ON,2005,6,71.845625,160,fr_climat_sommaires_ON_06-2005.csv
ON,2005,7,71.78301886792454,159,fr_climat_sommaires_ON_07-2005.csv
ON,2005,8,80.44977375565611,221,fr_climat_sommaires_ON_08-2005.csv
ON,2005,9,90.33558558558559,222,fr_climat_sommaires_ON_09-2005.csv
ON,2005,10,64.57168141592919,226,fr_climat_sommaires_ON_10-2005.csv
ON,2005,11,112.80803571428571,224,fr_climat_sommaires_ON_11-2005.csv
ON,2005,12,63.50759493670886,158,fr_climat_sommaires_ON_12-2005.csv
ON,2006,1,76.93630573248407,157,fr_climat_sommaires_ON_01-2006.csv
ON,2006,2,71.900625,160,fr_climat_sommaires_ON_02-2006.csv
ON,2006,3,53.90779816513762,218,fr_climat_sommaires_ON_03-2006.csv
ON,2006,4,55.71445783132529,166,fr_climat_sommaires_ON_04-2006.csv
ON,2006,5,78.13700440528633,227,fr_climat_sommaires_ON_05-2006.csv
ON,2006,6,65.16755555555555,225,fr_climat_sommaires_ON_06-2006.csv
ON,2006,7,103.25739910313902,223,fr_climat_sommaires_ON_07-2006.csv
ON,2006,8,52.40762331838566,223,fr_climat_sommaires_ON_08-2006.csv
ON,2006,9,106.3580357142857,224,fr_climat_sommaires_ON_09-2006.csv
ON,2006,10,122.26053811659192,223,fr_climat_sommaires_ON_10-2006.csv
ON,2006,11,74.68026315789473,228,fr_climat_sommaires_ON_11-2006.csv
ON,2006,12,75.76473214285714,224,fr_climat_sommaires_ON_12-2006.csv
ON,2007,1,62.205607476635514,214,fr_climat_sommaires_ON_01-2007.csv
ON,2007,2,41.88685446009389,213,fr_climat_sommaires_ON_02-2007.csv
ON,2007,3,51.72488262910798,213,fr_climat_sommaires_ON_03-2007.csv
ON,2007,4,68.11367924528301,212,fr_climat_sommaires_ON_04-2007.csv
ON,2007,5,55.50576923076923,208,fr_climat_sommaires_ON_05-2007.csv
ON,2007,6,57.76153846153846,208,fr_climat_sommaires_ON_06-2007.csv
ON,2007,7,74.92216748768473,203,fr_climat_sommaires_ON_07-2007.csv
ON,2007,8,59.333658536585375,205,fr_climat_sommaires_ON_08-2007.csv
ON,2007,9,66.91512195121952,205,fr_climat_sommaires_ON_09-2007.csv
ON,2007,10,77.50146341463415,205,fr_climat_sommaires_ON_10-2007.csv
ON,2007,11,68.37536231884057,207,fr_climat_sommaires_ON_11-2007.csv
ON,2007,12,90.5811881188119,202,fr_climat_sommaires_ON_12-2007.csv
ON,2008,1,74.23333333333333,195,fr_climat_sommaires_ON_01-2008.csv
ON,2008,2,79.01413612565443,191,fr_climat_sommaires_ON_02-2008.csv
ON,2008,3,76.09200000000001,200,fr_climat_sommaires_ON_03-2008.csv
ON,2008,4,54.742,200,fr_climat_sommaires_ON_04-2008.csv
ON,2008,5,84.1497435897436,195,fr_climat_sommaires_ON_05-2008.csv
ON,2008,6,113.98717948717949,195,fr_climat_sommaires_ON_06-2008.csv
ON,2008,7,104.4238578680203,197,fr_climat_sommaires_ON_07-2008.csv
ON,2008,8,75.25663265306122,196,fr_climat_sommaires_ON_08-2008.csv
ON,2008,9,91.14591836734694,196,fr_climat_sommaires_ON_09-2008.csv
ON,2008,10,62.15842105263158,190,fr_climat_sommaires_ON_10-2008.csv
ON,2008,11,92.93230769230769,195,fr_climat_sommaires_ON_11-2008.csv
ON,2008,12,108.3579487179487,195,fr_climat_sommaires_ON_12-2008.csv
ON,2009,1,60.252307692307696,195,fr_climat_sommaires_ON_01-2009.csv
ON,2009,2,61.66839378238342,193,fr_climat_sommaires_ON_02-2009.csv
ON,2009,3,60.54179894179893,189,fr_climat_sommaires_ON_03-2009.csv
ON,2009,4,102.9670157068063,191,fr_climat_sommaires_ON_04-2009.csv
ON,2009,5,77.12910052910051,189,fr_climat_sommaires_ON_05-2009.csv
ON,2009,6,73.18031914893618,188,fr_climat_sommaires_ON_06-2009.csv
ON,2009,7,94.4884210526316,190,fr_climat_sommaires_ON_07-2009.csv
ON,2009,8,99.22789473684209,190,fr_climat_sommaires_ON_08-2009.csv
ON,2009,9,50.91711229946524,187,fr_climat_sommaires_ON_09-2009.csv
ON,2009,10,88.02311827956989,186,fr_climat_sommaires_ON_10-2009.csv
ON,2009,11,43.2994708994709,189,fr_climat_sommaires_ON_11-2009.csv
ON,2009,12,74.15645161290321,186,fr_climat_sommaires_ON_12-2009.csv
ON,2010,1,44.05054945054945,182,fr_climat_sommaires_ON_01-2010.csv
ON,2010,2,30.215,180,fr_climat_sommaires_ON_02-2010.csv
ON,2010,3,31.8438202247191,178,fr_climat_sommaires_ON_03-2010.csv
ON,2010,4,41.99613259668508,181,fr_climat_sommaires_ON_04-2010.csv
ON,2010,5,75.66201117318435,179,fr_climat_sommaires_ON_05-2010.csv
ON,2010,6,119.64673913043478,184,fr_climat_sommaires_ON_06-2010.csv
ON,2010,7,90.22857142857141,182,fr_climat_sommaires_ON_07-2010.csv
ON,2010,8,70.81202185792351,183,fr_climat_sommaires_ON_08-2010.csv
ON,2010,9,111.53478260869564,184,fr_climat_sommaires_ON_09-2010.csv
ON,2010,10,60.31693989071038,183,fr_climat_sommaires_ON_10-2010.csv
ON,2010,11,78.91351351351351,185,fr_climat_sommaires_ON_11-2010.csv
ON,2010,12,51.55108695652175,184,fr_climat_sommaires_ON_12-2010.csv
ON,2011,1,50.06978021978022,182,fr_climat_sommaires_ON_01-2011.csv
ON,2011,2,47.891304347826086,184,fr_climat_sommaires_ON_02-2011.csv
ON,2011,3,77.23093922651935,181,fr_climat_sommaires_ON_03-2011.csv
ON,2011,4,101.4489010989011,182,fr_climat_sommaires_ON_04-2011.csv
ON,2011,5,89.8581005586592,179,fr_climat_sommaires_ON_05-2011.csv
ON,2011,6,72.27191011235955,178,fr_climat_sommaires_ON_06-2011.csv
ON,2011,7,63.732022471910106,178,fr_climat_sommaires_ON_07-2011.csv
ON,2011,8,79.53389830508475,177,fr_climat_sommaires_ON_08-2011.csv
ON,2011,9,86.26101694915253,177,fr_climat_sommaires_ON_09-2011.csv
ON,2011,10,89.4702857142857,175,fr_climat_sommaires_ON_10-2011.csv
ON,2011,11,79.53791208791208,182,fr_climat_sommaires_ON_11-2011.csv
ON,2011,12,63.46467391304348,184,fr_climat_sommaires_ON_12-2011.csv
ON,2012,1,65.85363128491619,179,fr_climat_sommaires_ON_01-2012.csv
ON,2012,2,31.467403314917128,181,fr_climat_sommaires_ON_02-2012.csv
ON,2012,3,46.492817679558,181,fr_climat_sommaires_ON_03-2012.csv
ON,2012,4,41.370165745856355,181,fr_climat_sommaires_ON_04-2012.csv
ON,2012,5,57.29717514124294,177,fr_climat_sommaires_ON_05-2012.csv
ON,2012,6,78.23409090909091,176,fr_climat_sommaires_ON_06-2012.csv
ON,2012,7,61.666666666666664,177,fr_climat_sommaires_ON_07-2012.csv
ON,2012,8,68.67556818181819,176,fr_climat_sommaires_ON_08-2012.csv
ON,2012,9,93.93657142857141,175,fr_climat_sommaires_ON_09-2012.csv
ON,2012,10,109.29827586206895,174,fr_climat_sommaires_ON_10-2012.csv
ON,2012,11,31.471910112359552,178,fr_climat_sommaires_ON_11-2012.csv
ON,2012,12,65.88728323699422,173,fr_climat_sommaires_ON_12-2012.csv
ON,2013,1,75.04606741573033,178,fr_climat_sommaires_ON_01-2013.csv
ON,2013,2,65.18571428571428,175,fr_climat_sommaires_ON_02-2013.csv
ON,2013,3,33.059195402298855,174,fr_climat_sommaires_ON_03-2013.csv
ON,2013,4,93.01104651162791,172,fr_climat_sommaires_ON_04-2013.csv
ON,2013,5,82.51317365269462,167,fr_climat_sommaires_ON_05-2013.csv
ON,2013,6,91.46823529411765,170,fr_climat_sommaires_ON_06-2013.csv
ON,2013,7,99.15384615384616,169,fr_climat_sommaires_ON_07-2013.csv
ON,2013,8,73.47988165680474,169,fr_climat_sommaires_ON_08-2013.csv
ON,2013,9,80.33136094674556,169,fr_climat_sommaires_ON_09-2013.csv
ON,2013,10,104.04035087719299,171,fr_climat_sommaires_ON_10-2013.csv
ON,2013,11,61.77897727272727,176,fr_climat_sommaires_ON_11-2013.csv
ON,2013,12,65.10514285714287,175,fr_climat_sommaires_ON_12-2013.csv
ON,2014,1,61.23801169590643,171,fr_climat_sommaires_ON_01-2014.csv
ON,2014,2,47.870414201183436,169,fr_climat_sommaires_ON_02-2014.csv
ON,2014,3,39.20251572327043,159,fr_climat_sommaires_ON_03-2014.csv
ON,2014,4,80.70943396226414,159,fr_climat_sommaires_ON_04-2014.csv
ON,2014,5,71.0316129032258,155,fr_climat_sommaires_ON_05-2014.csv
ON,2014,6,93.09150326797386,153,fr_climat_sommaires_ON_06-2014.csv
ON,2014,7,94.84545454545454,154,fr_climat_sommaires_ON_07-2014.csv
ON,2014,8,75.57354838709678,155,fr_climat_sommaires_ON_08-2014.csv
ON,2014,9,91.89612903225806,155,fr_climat_sommaires_ON_09-2014.csv
ON,2014,10,83.2993670886076,158,fr_climat_sommaires_ON_10-2014.csv
ON,2014,11,60.39124999999999,160,fr_climat_sommaires_ON_11-2014.csv
ON,2014,12,38.88074534161491,161,fr_climat_sommaires_ON_12-2014.csv
ON,2015,1,42.76993865030675,163,fr_climat_sommaires_ON_01-2015.csv
ON,2015,2,36.66134969325154,163,fr_climat_sommaires_ON_02-2015.csv
ON,2015,3,24.182822085889573,163,fr_climat_sommaires_ON_03-2015.csv
ON,2015,4,57.537106918239004,159,fr_climat_sommaires_ON_04-2015.csv
ON,2015,5,66.32547770700639,157,fr_climat_sommaires_ON_05-2015.csv
ON,2015,6,111.86540880503144,159,fr_climat_sommaires_ON_06-2015.csv
ON,2015,7,56.76037735849057,159,fr_climat_sommaires_ON_07-2015.csv
ON,2015,8,78.47935483870967,155,fr_climat_sommaires_ON_08-2015.csv
ON,2015,9,66.08235294117647,153,fr_climat_sommaires_ON_09-2015.csv
ON,2015,10,78.39350649350648,154,fr_climat_sommaires_ON_10-2015.csv
ON,2015,11,56.75443037974684,158,fr_climat_sommaires_ON_11-2015.csv
ON,2015,12,62.05569620253164,158,fr_climat_sommaires_ON_12-2015.csv
ON,2016,1,51.82341772151898,158,fr_climat_sommaires_ON_01-2016.csv
ON,2016,2,60.3975,160,fr_climat_sommaires_ON_02-2016.csv
ON,2016,3,91.78024691358024,162,fr_climat_sommaires_ON_03-2016.csv
ON,2016,4,43.049367088607596,158,fr_climat_sommaires_ON_04-2016.csv
ON,2016,5,40.77337662337662,154,fr_climat_sommaires_ON_05-2016.csv
ON,2016,6,57.36038961038961,154,fr_climat_sommaires_ON_06-2016.csv
ON,2016,7,63.16600000000001,150,fr_climat_sommaires_ON_07-2016.csv
ON,2016,8,91.36103896103896,154,fr_climat_sommaires_ON_08-2016.csv
ON,2016,9,68.83311258278145,151,fr_climat_sommaires_ON_09-2016.csv
ON,2016,10,68.11920529801324,151,fr_climat_sommaires_ON_10-2016.csv
ON,2016,11,50.56923076923077,156,fr_climat_sommaires_ON_11-2016.csv
ON,2016,12,70.77820512820514,156,fr_climat_sommaires_ON_12-2016.csv
ON,2017,1,64.31558441558441,154,fr_climat_sommaires_ON_01-2017.csv
ON,2017,2,62.85064935064934,154,fr_climat_sommaires_ON_02-2017.csv
ON,2017,3,55.530921052631584,152,fr_climat_sommaires_ON_03-2017.csv
ON,2017,4,95.07741935483871,155,fr_climat_sommaires_ON_04-2017.csv
ON,2017,5,109.84933333333332,150,fr_climat_sommaires_ON_05-2017.csv
ON,2017,6,110.56824324324323,148,fr_climat_sommaires_ON_06-2017.csv
ON,2017,7,76.43040540540541,148,fr_climat_sommaires_ON_07-2017.csv
ON,2017,8,72.52260273972603,146,fr_climat_sommaires_ON_08-2017.csv
ON,2017,9,59.91388888888889,144,fr_climat_sommaires_ON_09-2017.csv
ON,2017,10,82.58137931034483,145,fr_climat_sommaires_ON_10-2017.csv
ON,2017,11,69.33402777777776,144,fr_climat_sommaires_ON_11-2017.csv
ON,2017,12,52.08413793103448,145,fr_climat_sommaires_ON_12-2017.csv
ON,2018,1,55.64729729729729,148,fr_climat_sommaires_ON_01-2018.csv
ON,2018,2,57.33356164383562,146,fr_climat_sommaires_ON_02-2018.csv
ON,2018,3,29.497916666666665,144,fr_climat_sommaires_ON_03-2018.csv
ON,2018,4,80.53493150684932,146,fr_climat_sommaires_ON_04-2018.csv
ON,2018,5,60.142361111111114,144,fr_climat_sommaires_ON_05-2018.csv
ON,2018,6,56.74791666666667,144,fr_climat_sommaires_ON_06-2018.csv
ON,2018,7,66.73611111111111,144,fr_climat_sommaires_ON_07-2018.csv
ON,2018,8,89.44513888888889,144,fr_climat_sommaires_ON_08-2018.csv
ON,2018,9,74.16805555555555,144,fr_climat_sommaires_ON_09-2018.csv
ON,2018,10,82.63766233766235,154,fr_climat_sommaires_ON_10-2018.csv
ON,2018,11,75.70974025974026,154,fr_climat_sommaires_ON_11-2018.csv
ON,2018,12,55.367096774193534,155,fr_climat_sommaires_ON_12-2018.csv
ON,2019,1,50.79935064935065,154,fr_climat_sommaires_ON_01-2019.csv
ON,2019,2,59.82516556291391,151,fr_climat_sommaires_ON_02-2019.csv
ON,2019,3,47.54248366013072,153,fr_climat_sommaires_ON_03-2019.csv
ON,2019,4,87.49805194805195,154,fr_climat_sommaires_ON_04-2019.csv
ON,2019,5,80.59803921568627,153,fr_climat_sommaires_ON_05-2019.csv
ON,2019,6,77.1635761589404,151,fr_climat_sommaires_ON_06-2019.csv
ON,2019,7,70.00068965517241,145,fr_climat_sommaires_ON_07-2019.csv
ON,2019,8,64.36549295774648,142,fr_climat_sommaires_ON_08-2019.csv
ON,2019,9,82.81944444444444,144,fr_climat_sommaires_ON_09-2019.csv
ON,2019,10,115.25211267605633,142,fr_climat_sommaires_ON_10-2019.csv
ON,2019,11,43.98785714285715,140,fr_climat_sommaires_ON_11-2019.csv
ON,2019,12,52.42661870503596,139,fr_climat_sommaires_ON_12-2019.csv
ON,2020,1,69.83262411347519,141,fr_climat_sommaires_ON_01-2020.csv
ON,2020,2,35.631159420289855,138,fr_climat_sommaires_ON_02-2020.csv
ON,2020,3,56.23098591549296,142,fr_climat_sommaires_ON_03-2020.csv
ON,2020,4,47.60071428571429,140,fr_climat_sommaires_ON_04-2020.csv
ON,2020,5,47.60337837837838,148,fr_climat_sommaires_ON_05-2020.csv
ON,2020,6,68.11118421052632,152,fr_climat_sommaires_ON_06-2020.csv
ON,2020,7,67.93355704697986,149,fr_climat_sommaires_ON_07-2020.csv
ON,2020,8,103.41812080536913,149,fr_climat_sommaires_ON_08-2020.csv
ON,2020,9,64.0283870967742,155,fr_climat_sommaires_ON_09-2020.csv
ON,2020,10,68.98967741935485,155,fr_climat_sommaires_ON_10-2020.csv
ON,2020,11,53.49108280254777,157,fr_climat_sommaires_ON_11-2020.csv
ON,2020,12,54.2764331210191,157,fr_climat_sommaires_ON_12-2020.csv
ON,2021,1,25.037254901960786,153,fr_climat_sommaires_ON_01-2021.csv
ON,2021,2,34.75424836601307,153,fr_climat_sommaires_ON_02-2021.csv
ON,2021,3,37.82115384615385,156,fr_climat_sommaires_ON_03-2021.csv
ON,2021,4,54.95354838709677,155,fr_climat_sommaires_ON_04-2021.csv
ON,2021,5,37.22767295597484,159,fr_climat_sommaires_ON_05-2021.csv
ON,2021,6,80.26855345911949,159,fr_climat_sommaires_ON_06-2021.csv
ON,2021,7,98.09225806451612,155,fr_climat_sommaires_ON_07-2021.csv
ON,2021,8,55.1484076433121,157,fr_climat_sommaires_ON_08-2021.csv
ON,2021,9,114.25316455696202,158,fr_climat_sommaires_ON_09-2021.csv
ON,2021,10,88.50440251572327,159,fr_climat_sommaires_ON_10-2021.csv
ON,2021,11,47.7625,160,fr_climat_sommaires_ON_11-2021.csv
ON,2021,12,56.8377358490566,159,fr_climat_sommaires_ON_12-2021.csv
ON,2022,1,32.96315789473684,152,fr_climat_sommaires_ON_01-2022.csv
ON,2022,2,55.24802631578948,152,fr_climat_sommaires_ON_02-2022.csv
ON,2022,3,48.607843137254896,153,fr_climat_sommaires_ON_03-2022.csv
ON,2022,4,69.375,152,fr_climat_sommaires_ON_04-2022.csv
ON,2022,5,69.99934640522875,153,fr_climat_sommaires_ON_05-2022.csv
ON,2022,6,78.1973509933775,151,fr_climat_sommaires_ON_06-2022.csv
ON,2022,7,73.12875816993463,153,fr_climat_sommaires_ON_07-2022.csv
ON,2022,8,81.01818181818182,154,fr_climat_sommaires_ON_08-2022.csv
ON,2022,9,59.90980392156863,153,fr_climat_sommaires_ON_09-2022.csv
ON,2022,10,50.442483660130726,153,fr_climat_sommaires_ON_10-2022.csv
ON,2022,11,56.10828025477707,157,fr_climat_sommaires_ON_11-2022.csv
ON,2022,12,62.98910256410256,156,fr_climat_sommaires_ON_12-2022.csv
ON,2023,1,51.88831168831169,154,fr_climat_sommaires_ON_01-2023.csv
ON,2023,2,46.76797385620915,153,fr_climat_sommaires_ON_02-2023.csv
ON,2023,3,56.90130718954249,153,fr_climat_sommaires_ON_03-2023.csv
ON,2023,4,85.77843137254902,153,fr_climat_sommaires_ON_04-2023.csv
ON,2023,5,40.64078947368421,152,fr_climat_sommaires_ON_05-2023.csv
ON,2023,6,69.28525641025641,156,fr_climat_sommaires_ON_06-2023.csv
ON,2023,7,103.28169934640522,153,fr_climat_sommaires_ON_07-2023.csv
ON,2023,8,85.35228758169936,153,fr_climat_sommaires_ON_08-2023.csv
ON,2023,9,31.816233766233772,154,fr_climat_sommaires_ON_09-2023.csv
ON,2023,10,76.20333333333333,150,fr_climat_sommaires_ON_10-2023.csv
ON,2023,11,42.21543624161074,149,fr_climat_sommaires_ON_11-2023.csv
ON,2023,12,53.65878378378378,148,fr_climat_sommaires_ON_12-2023.csv
ON,2024,1,60.76486486486487,148,fr_climat_sommaires_ON_01-2024.csv
ON,2024,2,25.380000000000003,150,fr_climat_sommaires_ON_02-2024.csv
ON,2024,3,48.31292517006803,147,fr_climat_sommaires_ON_03-2024.csv
ON,2024,4,95.3436241610738,149,fr_climat_sommaires_ON_04-2024.csv
ON,2024,5,74.7738255033557,149,fr_climat_sommaires_ON_05-2024.csv
ON,2024,6,98.87315436241612,149,fr_climat_sommaires_ON_06-2024.csv
ON,2024,7,94.62260273972602,146,fr_climat_sommaires_ON_07-2024.csv
ON,2024,8,78.22808219178081,146,fr_climat_sommaires_ON_08-2024.csv
ON,2024,9,48.67602739726027,146,fr_climat_sommaires_ON_09-2024.csv
ON,2024,10,41.91824324324324,148,fr_climat_sommaires_ON_10-2024.csv
ON,2024,11,57.56164383561644,146,fr_climat_sommaires_ON_11-2024.csv
ON,2024,12,66.92344827586207,145,fr_climat_sommaires_ON_12-2024.csv
ON,2025,1,35.79788732394366,142,fr_climat_sommaires_ON_01-2025.csv
ON,2025,2,45.90555555555556,144,fr_climat_sommaires_ON_02-2025.csv
ON,2025,3,59.33862068965517,145,fr_climat_sommaires_ON_03-2025.csv
ON,2025,4,68.70689655172414,145,fr_climat_sommaires_ON_04-2025.csv
ON,2025,5,58.95616438356165,146,fr_climat_sommaires_ON_05-2025.csv
ON,2025,6,67.09862068965516,145,fr_climat_sommaires_ON_06-2025.csv
ON,2025,7,65.5204081632653,147,fr_climat_sommaires_ON_07-2025.csv
ON,2025,8,56.514285714285705,147,fr_climat_sommaires_ON_08-2025.csv
ON,2025,9,45.282191780821925,146,fr_climat_sommaires_ON_09-2025.csv
ON,2025,10,67.80680272108843,147,fr_climat_sommaires_ON_10-2025.csv
ON,2025,11,52.478,150,fr_climat_sommaires_ON_11-2025.csv
ON,2025,12,66.65510204081632,147,fr_climat_sommaires_ON_12-2025.csv
PE,2000,1,139.09999999999997,15,fr_climat_sommaires_PE_01-2000.csv
PE,2000,2,43.89333333333334,15,fr_climat_sommaires_PE_02-2000.csv
PE,2000,3,79.36,15,fr_climat_sommaires_PE_03-2000.csv
PE,2000,4,63.00769230769231,13,fr_climat_sommaires_PE_04-2000.csv
PE,2000,5,92.76923076923077,13,fr_climat_sommaires_PE_05-2000.csv
PE,2000,6,50.37142857142857,14,fr_climat_sommaires_PE_06-2000.csv
PE,2000,7,121.44666666666667,15,fr_climat_sommaires_PE_07-2000.csv
PE,2000,8,75.01249999999999,16,fr_climat_sommaires_PE_08-2000.csv
PE,2000,9,75.05882352941177,17,fr_climat_sommaires_PE_09-2000.csv
PE,2000,10,167.34705882352938,17,fr_climat_sommaires_PE_10-2000.csv
PE,2000,11,139.2722222222222,18,fr_climat_sommaires_PE_11-2000.csv
PE,2000,12,119.66111111111111,18,fr_climat_sommaires_PE_12-2000.csv
PE,2001,1,105.6764705882353,17,fr_climat_sommaires_PE_01-2001.csv
PE,2001,2,85.91764705882353,17,fr_climat_sommaires_PE_02-2001.csv
PE,2001,3,58.94705882352941,17,fr_climat_sommaires_PE_03-2001.csv
PE,2001,4,88.12352941176471,17,fr_climat_sommaires_PE_04-2001.csv
PE,2001,5,106.29333333333332,15,fr_climat_sommaires_PE_05-2001.csv
PE,2001,6,75.72000000000001,15,fr_climat_sommaires_PE_06-2001.csv
PE,2001,7,41.226666666666674,15,fr_climat_sommaires_PE_07-2001.csv
PE,2001,8,26.89333333333333,15,fr_climat_sommaires_PE_08-2001.csv
PE,2001,9,54.82666666666667,15,fr_climat_sommaires_PE_09-2001.csv
PE,2001,10,70.41764705882352,17,fr_climat_sommaires_PE_10-2001.csv
PE,2001,11,82.6,18,fr_climat_sommaires_PE_11-2001.csv
PE,2001,12,53.43529411764706,17,fr_climat_sommaires_PE_12-2001.csv
PE,2002,1,104.94000000000003,15,fr_climat_sommaires_PE_01-2002.csv
PE,2002,2,97.41875,16,fr_climat_sommaires_PE_02-2002.csv
PE,2002,3,73.52941176470588,17,fr_climat_sommaires_PE_03-2002.csv
PE,2002,4,114.21176470588235,17,fr_climat_sommaires_PE_04-2002.csv
PE,2002,5,81.17333333333336,15,fr_climat_sommaires_PE_05-2002.csv
PE,2002,6,78.59375,16,fr_climat_sommaires_PE_06-2002.csv
PE,2002,7,79.08,15,fr_climat_sommaires_PE_07-2002.csv
PE,2002,8,54.53125,16,fr_climat_sommaires_PE_08-2002.csv
PE,2002,9,197.43333333333337,15,fr_climat_sommaires_PE_09-2002.csv
PE,2002,10,99.67058823529412,17,fr_climat_sommaires_PE_10-2002.csv
PE,2002,11,181.08125,16,fr_climat_sommaires_PE_11-2002.csv
PE,2002,12,101.57058823529412,17,fr_climat_sommaires_PE_12-2002.csv
PE,2003,1,54.49411764705882,17,fr_climat_sommaires_PE_01-2003.csv
PE,2003,2,83.6625,16,fr_climat_sommaires_PE_02-2003.csv
PE,2003,3,145.07647058823528,17,fr_climat_sommaires_PE_03-2003.csv
PE,2003,4,77.10588235294118,17,fr_climat_sommaires_PE_04-2003.csv
PE,2003,5,74.97058823529412,17,fr_climat_sommaires_PE_05-2003.csv
PE,2003,6,80.55294117647058,17,fr_climat_sommaires_PE_06-2003.csv
PE,2003,7,83.91764705882352,17,fr_climat_sommaires_PE_07-2003.csv
PE,2003,8,89.43333333333334,18,fr_climat_sommaires_PE_08-2003.csv
PE,2003,9,57.544444444444444,18,fr_climat_sommaires_PE_09-2003.csv
PE,2003,10,146.95000000000002,18,fr_climat_sommaires_PE_10-2003.csv
PE,2003,11,54.12222222222223,18,fr_climat_sommaires_PE_11-2003.csv
PE,2003,12,112.04444444444445,18,fr_climat_sommaires_PE_12-2003.csv
PE,2004,1,55.27058823529412,17,fr_climat_sommaires_PE_01-2004.csv
PE,2004,2,78.76470588235294,17,fr_climat_sommaires_PE_02-2004.csv
PE,2004,3,71.04705882352941,17,fr_climat_sommaires_PE_03-2004.csv
PE,2004,4,79.93999999999998,10,fr_climat_sommaires_PE_04-2004.csv
PE,2004,5,41.75384615384616,13,fr_climat_sommaires_PE_05-2004.csv
PE,2004,6,95.40000000000002,15,fr_climat_sommaires_PE_06-2004.csv
PE,2004,7,53.70000000000001,15,fr_climat_sommaires_PE_07-2004.csv
PE,2004,8,97.36666666666665,15,fr_climat_sommaires_PE_08-2004.csv
PE,2004,9,63.33333333333334,15,fr_climat_sommaires_PE_09-2004.csv
PE,2004,10,91.87142857142855,14,fr_climat_sommaires_PE_10-2004.csv
PE,2004,11,103.17333333333333,15,fr_climat_sommaires_PE_11-2004.csv
PE,2004,12,122.78571428571426,14,fr_climat_sommaires_PE_12-2004.csv
PE,2005,1,95.79999999999998,13,fr_climat_sommaires_PE_01-2005.csv
PE,2005,2,29.06153846153846,13,fr_climat_sommaires_PE_02-2005.csv
PE,2005,3,105.77272727272727,11,fr_climat_sommaires_PE_03-2005.csv
PE,2005,4,74.13571428571429,14,fr_climat_sommaires_PE_04-2005.csv
PE,2005,5,81.38333333333334,12,fr_climat_sommaires_PE_05-2005.csv
PE,2005,6,67.66363636363637,11,fr_climat_sommaires_PE_06-2005.csv
PE,2005,7,67.21666666666667,12,fr_climat_sommaires_PE_07-2005.csv
PE,2005,8,48.54615384615385,13,fr_climat_sommaires_PE_08-2005.csv
PE,2005,9,129.63846153846154,13,fr_climat_sommaires_PE_09-2005.csv
PE,2005,10,175.23076923076925,13,fr_climat_sommaires_PE_10-2005.csv
PE,2005,11,134.38571428571427,14,fr_climat_sommaires_PE_11-2005.csv
PE,2005,12,96.74615384615385,13,fr_climat_sommaires_PE_12-2005.csv
PE,2006,1,63.41818181818182,11,fr_climat_sommaires_PE_01-2006.csv
PE,2006,2,56.51666666666667,12,fr_climat_sommaires_PE_02-2006.csv
PE,2006,3,28.363636363636363,11,fr_climat_sommaires_PE_03-2006.csv
PE,2006,4,132.25454545454545,11,fr_climat_sommaires_PE_04-2006.csv
PE,2006,5,46.18181818181818,11,fr_climat_sommaires_PE_05-2006.csv
PE,2006,6,117.2909090909091,11,fr_climat_sommaires_PE_06-2006.csv
PE,2006,7,101.59999999999998,12,fr_climat_sommaires_PE_07-2006.csv
PE,2006,8,66.725,12,fr_climat_sommaires_PE_08-2006.csv
PE,2006,9,45.46666666666667,12,fr_climat_sommaires_PE_09-2006.csv
PE,2006,10,181.80000000000004,12,fr_climat_sommaires_PE_10-2006.csv
PE,2006,11,86.47500000000001,12,fr_climat_sommaires_PE_11-2006.csv
PE,2006,12,98.0909090909091,11,fr_climat_sommaires_PE_12-2006.csv
PE,2007,1,118.47272727272728,11,fr_climat_sommaires_PE_01-2007.csv
PE,2007,2,17.754545454545454,11,fr_climat_sommaires_PE_02-2007.csv
PE,2007,3,61.354545454545466,11,fr_climat_sommaires_PE_03-2007.csv
PE,2007,4,55.48181818181818,11,fr_climat_sommaires_PE_04-2007.csv
PE,2007,5,76.11666666666666,12,fr_climat_sommaires_PE_05-2007.csv
PE,2007,6,79.55384615384615,13,fr_climat_sommaires_PE_06-2007.csv
PE,2007,7,82.58333333333334,12,fr_climat_sommaires_PE_07-2007.csv
PE,2007,8,148.47,10,fr_climat_sommaires_PE_08-2007.csv
PE,2007,9,78.67999999999999,10,fr_climat_sommaires_PE_09-2007.csv
PE,2007,10,47.239999999999995,10,fr_climat_sommaires_PE_10-2007.csv
PE,2007,11,113.87,10,fr_climat_sommaires_PE_11-2007.csv
PE,2007,12,104.12222222222222,9,fr_climat_sommaires_PE_12-2007.csv
PE,2008,1,111.28888888888888,9,fr_climat_sommaires_PE_01-2008.csv
PE,2008,2,131.07,10,fr_climat_sommaires_PE_02-2008.csv
PE,2008,3,94.91999999999999,10,fr_climat_sommaires_PE_03-2008.csv
PE,2008,4,58.900000000000006,11,fr_climat_sommaires_PE_04-2008.csv
PE,2008,5,106.10000000000001,11,fr_climat_sommaires_PE_05-2008.csv
PE,2008,6,68.39999999999999,9,fr_climat_sommaires_PE_06-2008.csv
PE,2008,7,54.58888888888889,9,fr_climat_sommaires_PE_07-2008.csv
PE,2008,8,209.3111111111111,9,fr_climat_sommaires_PE_08-2008.csv
PE,2008,9,132.3,9,fr_climat_sommaires_PE_09-2008.csv
PE,2008,10,55.61,10,fr_climat_sommaires_PE_10-2008.csv
PE,2008,11,100.83000000000001,10,fr_climat_sommaires_PE_11-2008.csv
PE,2008,12,134.33636363636364,11,fr_climat_sommaires_PE_12-2008.csv
PE,2009,1,70.04545454545455,11,fr_climat_sommaires_PE_01-2009.csv
PE,2009,2,78.34545454545454,11,fr_climat_sommaires_PE_02-2009.csv
PE,2009,3,97.39,10,fr_climat_sommaires_PE_03-2009.csv
PE,2009,4,73.56000000000002,10,fr_climat_sommaires_PE_04-2009.csv
PE,2009,5,85.02000000000001,10,fr_climat_sommaires_PE_05-2009.csv
PE,2009,6,114.17777777777776,9,fr_climat_sommaires_PE_06-2009.csv
PE,2009,7,139.63333333333333,9,fr_climat_sommaires_PE_07-2009.csv
PE,2009,8,158.0111111111111,9,fr_climat_sommaires_PE_08-2009.csv
PE,2009,9,66.28888888888889,9,fr_climat_sommaires_PE_09-2009.csv
PE,2009,10,219.32222222222222,9,fr_climat_sommaires_PE_10-2009.csv
PE,2009,11,92.36666666666667,9,fr_climat_sommaires_PE_11-2009.csv
PE,2009,12,100.18888888888888,9,fr_climat_sommaires_PE_12-2009.csv
PE,2010,1,72.77777777777777,9,fr_climat_sommaires_PE_01-2010.csv
PE,2010,2,53.644444444444446,9,fr_climat_sommaires_PE_02-2010.csv
PE,2010,3,83.07777777777778,9,fr_climat_sommaires_PE_03-2010.csv
PE,2010,4,63.111111111111114,9,fr_climat_sommaires_PE_04-2010.csv
PE,2010,5,45.93333333333334,9,fr_climat_sommaires_PE_05-2010.csv
PE,2010,6,160.47777777777776,9,fr_climat_sommaires_PE_06-2010.csv
PE,2010,7,123.9888888888889,9,fr_climat_sommaires_PE_07-2010.csv
PE,2010,8,75.48888888888888,9,fr_climat_sommaires_PE_08-2010.csv
PE,2010,9,128.79999999999998,9,fr_climat_sommaires_PE_09-2010.csv
PE,2010,10,131.56666666666666,9,fr_climat_sommaires_PE_10-2010.csv
PE,2010,11,150.95555555555555,9,fr_climat_sommaires_PE_11-2010.csv
PE,2010,12,152.6888888888889,9,fr_climat_sommaires_PE_12-2010.csv
PE,2011,1,103.88888888888889,9,fr_climat_sommaires_PE_01-2011.csv
PE,2011,2,119.95555555555555,9,fr_climat_sommaires_PE_02-2011.csv
PE,2011,3,38.3,9,fr_climat_sommaires_PE_03-2011.csv
PE,2011,4,80.3777777777778,9,fr_climat_sommaires_PE_04-2011.csv
PE,2011,5,102.71111111111111,9,fr_climat_sommaires_PE_05-2011.csv
PE,2011,6,64.83333333333333,9,fr_climat_sommaires_PE_06-2011.csv
PE,2011,7,121.82222222222221,9,fr_climat_sommaires_PE_07-2011.csv
PE,2011,8,107.8111111111111,9,fr_climat_sommaires_PE_08-2011.csv
PE,2011,9,21.444444444444443,9,fr_climat_sommaires_PE_09-2011.csv
PE,2011,10,220.55555555555554,9,fr_climat_sommaires_PE_10-2011.csv
PE,2011,11,101.45,10,fr_climat_sommaires_PE_11-2011.csv
PE,2011,12,89.96666666666667,15,fr_climat_sommaires_PE_12-2011.csv
PE,2012,1,56.3875,16,fr_climat_sommaires_PE_01-2012.csv
PE,2012,2,85.475,16,fr_climat_sommaires_PE_02-2012.csv
PE,2012,3,38.412499999999994,16,fr_climat_sommaires_PE_03-2012.csv
PE,2012,4,52.84000000000001,15,fr_climat_sommaires_PE_04-2012.csv
PE,2012,5,54.06363636363637,11,fr_climat_sommaires_PE_05-2012.csv
PE,2012,6,56.790909090909096,11,fr_climat_sommaires_PE_06-2012.csv
PE,2012,7,44.27272727272727,11,fr_climat_sommaires_PE_07-2012.csv
PE,2012,8,72.45,10,fr_climat_sommaires_PE_08-2012.csv
PE,2012,9,231.55454545454543,11,fr_climat_sommaires_PE_09-2012.csv
PE,2012,10,56.23333333333334,12,fr_climat_sommaires_PE_10-2012.csv
PE,2012,11,45.331250000000004,16,fr_climat_sommaires_PE_11-2012.csv
PE,2012,12,89.03125,16,fr_climat_sommaires_PE_12-2012.csv
PE,2013,1,25.4,16,fr_climat_sommaires_PE_01-2013.csv
PE,2013,2,78.64375,16,fr_climat_sommaires_PE_02-2013.csv
PE,2013,3,56.10625,16,fr_climat_sommaires_PE_03-2013.csv
PE,2013,4,31.775,16,fr_climat_sommaires_PE_04-2013.csv
PE,2013,5,74.39999999999999,11,fr_climat_sommaires_PE_05-2013.csv
PE,2013,6,99.17999999999998,10,fr_climat_sommaires_PE_06-2013.csv
PE,2013,7,92.21111111111112,9,fr_climat_sommaires_PE_07-2013.csv
PE,2013,8,65.64444444444445,9,fr_climat_sommaires_PE_08-2013.csv
PE,2013,9,144.25555555555556,9,fr_climat_sommaires_PE_09-2013.csv
PE,2013,10,64.02,10,fr_climat_sommaires_PE_10-2013.csv
PE,2013,11,64.18666666666667,15,fr_climat_sommaires_PE_11-2013.csv
PE,2013,12,175.65999999999997,15,fr_climat_sommaires_PE_12-2013.csv
PE,2014,1,77.30666666666666,15,fr_climat_sommaires_PE_01-2014.csv
PE,2014,2,90.47333333333334,15,fr_climat_sommaires_PE_02-2014.csv
PE,2014,3,122.89285714285714,14,fr_climat_sommaires_PE_03-2014.csv
PE,2014,4,78.74285714285715,14,fr_climat_sommaires_PE_04-2014.csv
PE,2014,5,71.0,9,fr_climat_sommaires_PE_05-2014.csv
PE,2014,6,84.41111111111111,9,fr_climat_sommaires_PE_06-2014.csv
PE,2014,7,53.17777777777778,9,fr_climat_sommaires_PE_07-2014.csv
PE,2014,8,122.4111111111111,9,fr_climat_sommaires_PE_08-2014.csv
PE,2014,9,91.04444444444445,9,fr_climat_sommaires_PE_09-2014.csv
PE,2014,10,95.95555555555556,9,fr_climat_sommaires_PE_10-2014.csv
PE,2014,11,127.17142857142859,14,fr_climat_sommaires_PE_11-2014.csv
PE,2014,12,141.72857142857143,14,fr_climat_sommaires_PE_12-2014.csv
PE,2015,1,107.1642857142857,14,fr_climat_sommaires_PE_01-2015.csv
PE,2015,2,120.18571428571428,14,fr_climat_sommaires_PE_02-2015.csv
PE,2015,3,102.21538461538464,13,fr_climat_sommaires_PE_03-2015.csv
PE,2015,4,95.33333333333333,12,fr_climat_sommaires_PE_04-2015.csv
PE,2015,5,33.90909090909091,11,fr_climat_sommaires_PE_05-2015.csv
PE,2015,6,117.0111111111111,9,fr_climat_sommaires_PE_06-2015.csv
PE,2015,7,39.18888888888889,9,fr_climat_sommaires_PE_07-2015.csv
PE,2015,8,114.45555555555555,9,fr_climat_sommaires_PE_08-2015.csv
PE,2015,9,94.35555555555555,9,fr_climat_sommaires_PE_09-2015.csv
PE,2015,10,100.81111111111112,9,fr_climat_sommaires_PE_10-2015.csv
PE,2015,11,94.27272727272727,11,fr_climat_sommaires_PE_11-2015.csv
PE,2015,12,133.20909090909092,11,fr_climat_sommaires_PE_12-2015.csv
PE,2016,1,50.42,10,fr_climat_sommaires_PE_01-2016.csv
PE,2016,2,71.99,10,fr_climat_sommaires_PE_02-2016.csv
PE,2016,3,76.42999999999999,10,fr_climat_sommaires_PE_03-2016.csv
PE,2016,4,64.14,10,fr_climat_sommaires_PE_04-2016.csv
PE,2016,5,72.5125,8,fr_climat_sommaires_PE_05-2016.csv
PE,2016,6,71.1625,8,fr_climat_sommaires_PE_06-2016.csv
PE,2016,7,57.287499999999994,8,fr_climat_sommaires_PE_07-2016.csv
PE,2016,8,102.6,8,fr_climat_sommaires_PE_08-2016.csv
PE,2016,9,72.7,8,fr_climat_sommaires_PE_09-2016.csv
PE,2016,10,140.2125,8,fr_climat_sommaires_PE_10-2016.csv
PE,2016,11,99.6375,8,fr_climat_sommaires_PE_11-2016.csv
PE,2016,12,91.8125,8,fr_climat_sommaires_PE_12-2016.csv
PE,2017,1,102.29999999999998,7,fr_climat_sommaires_PE_01-2017.csv
PE,2017,2,73.42857142857144,7,fr_climat_sommaires_PE_02-2017.csv
PE,2017,3,44.77142857142858,7,fr_climat_sommaires_PE_03-2017.csv
PE,2017,4,44.58571428571428,7,fr_climat_sommaires_PE_04-2017.csv
PE,2017,5,143.62857142857143,7,fr_climat_sommaires_PE_05-2017.csv
PE,2017,6,69.31428571428572,7,fr_climat_sommaires_PE_06-2017.csv
PE,2017,7,46.52857142857143,7,fr_climat_sommaires_PE_07-2017.csv
PE,2017,8,84.81428571428572,7,fr_climat_sommaires_PE_08-2017.csv
PE,2017,9,64.97142857142858,7,fr_climat_sommaires_PE_09-2017.csv
PE,2017,10,43.699999999999996,7,fr_climat_sommaires_PE_10-2017.csv
PE,2017,11,108.94285714285715,7,fr_climat_sommaires_PE_11-2017.csv
PE,2017,12,95.22857142857144,7,fr_climat_sommaires_PE_12-2017.csv
PE,2018,1,64.9625,8,fr_climat_sommaires_PE_01-2018.csv
PE,2018,2,68.32499999999999,8,fr_climat_sommaires_PE_02-2018.csv
PE,2018,3,45.95,8,fr_climat_sommaires_PE_03-2018.csv
PE,2018,4,80.3875,8,fr_climat_sommaires_PE_04-2018.csv
PE,2018,5,63.72222222222222,9,fr_climat_sommaires_PE_05-2018.csv
PE,2018,6,139.26666666666668,9,fr_climat_sommaires_PE_06-2018.csv
PE,2018,7,21.311111111111114,9,fr_climat_sommaires_PE_07-2018.csv
PE,2018,8,106.87777777777777,9,fr_climat_sommaires_PE_08-2018.csv
PE,2018,9,66.69999999999999,9,fr_climat_sommaires_PE_09-2018.csv
PE,2018,10,143.7,8,fr_climat_sommaires_PE_10-2018.csv
PE,2018,11,152.41111111111113,9,fr_climat_sommaires_PE_11-2018.csv
PE,2018,12,65.60999999999999,10,fr_climat_sommaires_PE_12-2018.csv
PE,2019,1,81.9111111111111,9,fr_climat_sommaires_PE_01-2019.csv
PE,2019,2,58.32222222222222,9,fr_climat_sommaires_PE_02-2019.csv
PE,2019,3,38.32222222222222,9,fr_climat_sommaires_PE_03-2019.csv
PE,2019,4,133.275,8,fr_climat_sommaires_PE_04-2019.csv
PE,2019,5,81.94999999999999,8,fr_climat_sommaires_PE_05-2019.csv
PE,2019,6,129.97142857142856,7,fr_climat_sommaires_PE_06-2019.csv
PE,2019,7,39.628571428571426,7,fr_climat_sommaires_PE_07-2019.csv
PE,2019,8,90.88333333333333,6,fr_climat_sommaires_PE_08-2019.csv
PE,2019,9,170.3166666666667,6,fr_climat_sommaires_PE_09-2019.csv
PE,2019,10,106.35000000000001,6,fr_climat_sommaires_PE_10-2019.csv
PE,2019,11,131.37142857142857,7,fr_climat_sommaires_PE_11-2019.csv
PE,2019,12,84.02857142857144,7,fr_climat_sommaires_PE_12-2019.csv
PE,2020,1,78.39999999999999,7,fr_climat_sommaires_PE_01-2020.csv
PE,2020,2,53.65714285714286,7,fr_climat_sommaires_PE_02-2020.csv
PE,2020,3,55.371428571428574,7,fr_climat_sommaires_PE_03-2020.csv
PE,2020,4,22.914285714285715,7,fr_climat_sommaires_PE_04-2020.csv
PE,2020,5,70.6,7,fr_climat_sommaires_PE_05-2020.csv
PE,2020,6,27.779999999999994,5,fr_climat_sommaires_PE_06-2020.csv
PE,2020,7,42.24285714285714,7,fr_climat_sommaires_PE_07-2020.csv
PE,2020,8,56.0625,8,fr_climat_sommaires_PE_08-2020.csv
PE,2020,9,81.4125,8,fr_climat_sommaires_PE_09-2020.csv
PE,2020,10,75.9375,8,fr_climat_sommaires_PE_10-2020.csv
PE,2020,11,73.88749999999999,8,fr_climat_sommaires_PE_11-2020.csv
PE,2020,12,100.9,8,fr_climat_sommaires_PE_12-2020.csv
PE,2021,1,67.38571428571429,7,fr_climat_sommaires_PE_01-2021.csv
PE,2021,2,107.07142857142857,7,fr_climat_sommaires_PE_02-2021.csv
PE,2021,3,61.06666666666666,6,fr_climat_sommaires_PE_03-2021.csv
PE,2021,4,91.92499999999998,4,fr_climat_sommaires_PE_04-2021.csv
PE,2021,5,91.9,4,fr_climat_sommaires_PE_05-2021.csv
PE,2021,6,62.5,4,fr_climat_sommaires_PE_06-2021.csv
PE,2021,7,123.1,8,fr_climat_sommaires_PE_07-2021.csv
PE,2021,8,34.125,8,fr_climat_sommaires_PE_08-2021.csv
PE,2021,9,182.83750000000003,8,fr_climat_sommaires_PE_09-2021.csv
PE,2021,10,72.7875,8,fr_climat_sommaires_PE_10-2021.csv
PE,2021,11,165.45000000000002,8,fr_climat_sommaires_PE_11-2021.csv
PE,2021,12,85.1625,8,fr_climat_sommaires_PE_12-2021.csv
PE,2022,1,97.3375,8,fr_climat_sommaires_PE_01-2022.csv
PE,2022,2,88.0,8,fr_climat_sommaires_PE_02-2022.csv
PE,2022,3,99.0375,8,fr_climat_sommaires_PE_03-2022.csv
PE,2022,4,98.5375,8,fr_climat_sommaires_PE_04-2022.csv
PE,2022,5,44.037499999999994,8,fr_climat_sommaires_PE_05-2022.csv
PE,2022,6,107.7125,8,fr_climat_sommaires_PE_06-2022.csv
PE,2022,7,83.88749999999999,8,fr_climat_sommaires_PE_07-2022.csv
PE,2022,8,109.57499999999999,8,fr_climat_sommaires_PE_08-2022.csv
PE,2022,9,107.1375,8,fr_climat_sommaires_PE_09-2022.csv
PE,2022,10,49.325,8,fr_climat_sommaires_PE_10-2022.csv
PE,2022,11,117.85,8,fr_climat_sommaires_PE_11-2022.csv
PE,2022,12,110.725,8,fr_climat_sommaires_PE_12-2022.csv
PE,2023,1,185.725,8,fr_climat_sommaires_PE_01-2023.csv
PE,2023,2,39.8125,8,fr_climat_sommaires_PE_02-2023.csv
PE,2023,3,48.0125,8,fr_climat_sommaires_PE_03-2023.csv
PE,2023,4,18.825,8,fr_climat_sommaires_PE_04-2023.csv
PE,2023,5,49.9,8,fr_climat_sommaires_PE_05-2023.csv
PE,2023,6,122.85,8,fr_climat_sommaires_PE_06-2023.csv
PE,2023,7,134.7875,8,fr_climat_sommaires_PE_07-2023.csv
PE,2023,8,128.4,7,fr_climat_sommaires_PE_08-2023.csv
PE,2023,9,66.67142857142858,7,fr_climat_sommaires_PE_09-2023.csv
PE,2023,10,124.65714285714286,7,fr_climat_sommaires_PE_10-2023.csv
PE,2023,11,102.02857142857144,7,fr_climat_sommaires_PE_11-2023.csv
PE,2023,12,62.34285714285714,7,fr_climat_sommaires_PE_12-2023.csv
PE,2024,1,45.228571428571435,7,fr_climat_sommaires_PE_01-2024.csv
PE,2024,2,78.94285714285715,7,fr_climat_sommaires_PE_02-2024.csv
PE,2024,3,175.18571428571428,7,fr_climat_sommaires_PE_03-2024.csv
PE,2024,4,35.042857142857144,7,fr_climat_sommaires_PE_04-2024.csv
PE,2024,5,23.071428571428573,7,fr_climat_sommaires_PE_05-2024.csv
PE,2024,6,90.18571428571428,7,fr_climat_sommaires_PE_06-2024.csv
PE,2024,7,58.785714285714285,7,fr_climat_sommaires_PE_07-2024.csv
PE,2024,8,52.785714285714285,7,fr_climat_sommaires_PE_08-2024.csv
PE,2024,9,36.357142857142854,7,fr_climat_sommaires_PE_09-2024.csv
PE,2024,10,66.5142857142857,7,fr_climat_sommaires_PE_10-2024.csv
PE,2024,11,146.48571428571427,7,fr_climat_sommaires_PE_11-2024.csv
PE,2024,12,59.42857142857143,7,fr_climat_sommaires_PE_12-2024.csv
PE,2025,1,66.89999999999999,7,fr_climat_sommaires_PE_01-2025.csv
PE,2025,2,43.942857142857136,7,fr_climat_sommaires_PE_02-2025.csv
PE,2025,3,97.67142857142858,7,fr_climat_sommaires_PE_03-2025.csv
PE,2025,4,85.61428571428573,7,fr_climat_sommaires_PE_04-2025.csv
PE,2025,5,87.75714285714285,7,fr_climat_sommaires_PE_05-2025.csv
PE,2025,6,85.31428571428572,7,fr_climat_sommaires_PE_06-2025.csv
PE,2025,7,49.4,7,fr_climat_sommaires_PE_07-2025.csv
PE,2025,8,18.314285714285717,7,fr_climat_sommaires_PE_08-2025.csv
PE,2025,9,35.542857142857144,7,fr_climat_sommaires_PE_09-2025.csv
PE,2025,10,95.37142857142858,7,fr_climat_sommaires_PE_10-2025.csv
PE,2025,11,95.89999999999999,7,fr_climat_sommaires_PE_11-2025.csv
PE,2025,12,69.74285714285713,7,fr_climat_sommaires_PE_12-2025.csv
QC,2000,1,87.04948979591838,196,fr_climat_sommaires_QC_01-2000.csv
QC,2000,2,60.80102564102564,195,fr_climat_sommaires_QC_02-2000.csv
QC,2000,3,61.2451282051282,195,fr_climat_sommaires_QC_03-2000.csv
QC,2000,4,102.15265486725664,226,fr_climat_sommaires_QC_04-2000.csv
QC,2000,5,117.07791666666668,240,fr_climat_sommaires_QC_05-2000.csv
QC,2000,6,96.96280193236714,207,fr_climat_sommaires_QC_06-2000.csv
QC,2000,7,80.96990291262134,206,fr_climat_sommaires_QC_07-2000.csv
QC,2000,8,103.27669902912622,206,fr_climat_sommaires_QC_08-2000.csv
QC,2000,9,88.83091787439614,207,fr_climat_sommaires_QC_09-2000.csv
QC,2000,10,59.73774509803921,204,fr_climat_sommaires_QC_10-2000.csv
QC,2000,11,71.23152709359606,203,fr_climat_sommaires_QC_11-2000.csv
QC,2000,12,109.43743842364533,203,fr_climat_sommaires_QC_12-2000.csv
QC,2001,1,43.58291457286432,199,fr_climat_sommaires_QC_01-2001.csv
QC,2001,2,70.78174603174604,252,fr_climat_sommaires_QC_02-2001.csv
QC,2001,3,60.13187250996016,251,fr_climat_sommaires_QC_03-2001.csv
QC,2001,4,33.994422310756974,251,fr_climat_sommaires_QC_04-2001.csv
QC,2001,5,65.13147410358566,251,fr_climat_sommaires_QC_05-2001.csv
QC,2001,6,96.77109374999999,256,fr_climat_sommaires_QC_06-2001.csv
QC,2001,7,96.48410852713178,258,fr_climat_sommaires_QC_07-2001.csv
QC,2001,8,88.23938223938224,259,fr_climat_sommaires_QC_08-2001.csv
QC,2001,9,80.64192307692308,260,fr_climat_sommaires_QC_09-2001.csv
QC,2001,10,101.12295719844357,257,fr_climat_sommaires_QC_10-2001.csv
QC,2001,11,77.048046875,256,fr_climat_sommaires_QC_11-2001.csv
QC,2001,12,50.476284584980235,253,fr_climat_sommaires_QC_12-2001.csv
QC,2002,1,48.188537549407116,253,fr_climat_sommaires_QC_01-2002.csv
QC,2002,2,58.18434343434343,198,fr_climat_sommaires_QC_02-2002.csv
QC,2002,3,78.37788944723619,199,fr_climat_sommaires_QC_03-2002.csv
QC,2002,4,78.574,200,fr_climat_sommaires_QC_04-2002.csv
QC,2002,5,107.07655502392345,209,fr_climat_sommaires_QC_05-2002.csv
QC,2002,6,105.13173076923077,208,fr_climat_sommaires_QC_06-2002.csv
QC,2002,7,88.11932367149757,207,fr_climat_sommaires_QC_07-2002.csv
QC,2002,8,46.06490384615385,208,fr_climat_sommaires_QC_08-2002.csv
QC,2002,9,95.09951923076923,208,fr_climat_sommaires_QC_09-2002.csv
QC,2002,10,79.7435,200,fr_climat_sommaires_QC_10-2002.csv
QC,2002,11,85.89751243781095,201,fr_climat_sommaires_QC_11-2002.csv
QC,2002,12,44.1940594059406,202,fr_climat_sommaires_QC_12-2002.csv
QC,2003,1,30.80295566502463,203,fr_climat_sommaires_QC_01-2003.csv
QC,2003,2,48.85544554455445,202,fr_climat_sommaires_QC_02-2003.csv
QC,2003,3,71.8905472636816,201,fr_climat_sommaires_QC_03-2003.csv
QC,2003,4,69.87512437810945,201,fr_climat_sommaires_QC_04-2003.csv
QC,2003,5,91.18909952606636,211,fr_climat_sommaires_QC_05-2003.csv
QC,2003,6,73.877990430622,209,fr_climat_sommaires_QC_06-2003.csv
QC,2003,7,105.52440191387561,209,fr_climat_sommaires_QC_07-2003.csv
QC,2003,8,106.34928909952605,211,fr_climat_sommaires_QC_08-2003.csv
QC,2003,9,75.36142857142858,210,fr_climat_sommaires_QC_09-2003.csv
QC,2003,10,141.521568627451,204,fr_climat_sommaires_QC_10-2003.csv
QC,2003,11,116.55817307692307,208,fr_climat_sommaires_QC_11-2003.csv
QC,2003,12,144.13157894736844,209,fr_climat_sommaires_QC_12-2003.csv
QC,2004,1,46.6231884057971,207,fr_climat_sommaires_QC_01-2004.csv
QC,2004,2,41.25096153846153,208,fr_climat_sommaires_QC_02-2004.csv
QC,2004,3,44.94334600760456,263,fr_climat_sommaires_QC_03-2004.csv
QC,2004,4,70.9881679389313,262,fr_climat_sommaires_QC_04-2004.csv
QC,2004,5,88.98325581395349,215,fr_climat_sommaires_QC_05-2004.csv
QC,2004,6,82.1832558139535,215,fr_climat_sommaires_QC_06-2004.csv
QC,2004,7,128.13824884792626,217,fr_climat_sommaires_QC_07-2004.csv
QC,2004,8,104.99814814814815,216,fr_climat_sommaires_QC_08-2004.csv
QC,2004,9,80.9852534562212,217,fr_climat_sommaires_QC_09-2004.csv
QC,2004,10,63.45238095238095,210,fr_climat_sommaires_QC_10-2004.csv
QC,2004,11,81.5018691588785,214,fr_climat_sommaires_QC_11-2004.csv
QC,2004,12,103.25990566037737,212,fr_climat_sommaires_QC_12-2004.csv
QC,2005,1,40.41162790697675,215,fr_climat_sommaires_QC_01-2005.csv
QC,2005,2,46.77042253521126,213,fr_climat_sommaires_QC_02-2005.csv
QC,2005,3,59.14511627906976,215,fr_climat_sommaires_QC_03-2005.csv
QC,2005,4,129.69718309859155,213,fr_climat_sommaires_QC_04-2005.csv
QC,2005,5,50.297272727272734,220,fr_climat_sommaires_QC_05-2005.csv
QC,2005,6,103.40138888888889,216,fr_climat_sommaires_QC_06-2005.csv
QC,2005,7,87.52383177570094,214,fr_climat_sommaires_QC_07-2005.csv
QC,2005,8,113.67685185185185,216,fr_climat_sommaires_QC_08-2005.csv
QC,2005,9,121.27627906976745,215,fr_climat_sommaires_QC_09-2005.csv
QC,2005,10,135.82636363636365,220,fr_climat_sommaires_QC_10-2005.csv
QC,2005,11,107.80627802690584,223,fr_climat_sommaires_QC_11-2005.csv
QC,2005,12,83.21441860465117,215,fr_climat_sommaires_QC_12-2005.csv
QC,2006,1,106.29530516431925,213,fr_climat_sommaires_QC_01-2006.csv
QC,2006,2,71.37089201877934,213,fr_climat_sommaires_QC_02-2006.csv
QC,2006,3,41.89483568075118,213,fr_climat_sommaires_QC_03-2006.csv
QC,2006,4,74.60558139534884,215,fr_climat_sommaires_QC_04-2006.csv
QC,2006,5,113.69766355140186,214,fr_climat_sommaires_QC_05-2006.csv
QC,2006,6,106.46121495327102,214,fr_climat_sommaires_QC_06-2006.csv
QC,2006,7,107.87042253521128,213,fr_climat_sommaires_QC_07-2006.csv
QC,2006,8,99.08215962441317,213,fr_climat_sommaires_QC_08-2006.csv
QC,2006,9,101.0150234741784,213,fr_climat_sommaires_QC_09-2006.csv
QC,2006,10,155.1930875576037,217,fr_climat_sommaires_QC_10-2006.csv
QC,2006,11,80.91486486486485,222,fr_climat_sommaires_QC_11-2006.csv
QC,2006,12,70.05144508670519,173,fr_climat_sommaires_QC_12-2006.csv
QC,2007,1,64.66027397260274,219,fr_climat_sommaires_QC_01-2007.csv
QC,2007,2,42.25642201834862,218,fr_climat_sommaires_QC_02-2007.csv
QC,2007,3,76.62304147465439,217,fr_climat_sommaires_QC_03-2007.csv
QC,2007,4,93.07603686635944,217,fr_climat_sommaires_QC_04-2007.csv
QC,2007,5,61.11162790697674,215,fr_climat_sommaires_QC_05-2007.csv
QC,2007,6,84.7605633802817,213,fr_climat_sommaires_QC_06-2007.csv
QC,2007,7,108.53205741626795,209,fr_climat_sommaires_QC_07-2007.csv
QC,2007,8,106.16682464454976,211,fr_climat_sommaires_QC_08-2007.csv
QC,2007,9,88.20995260663508,211,fr_climat_sommaires_QC_09-2007.csv
QC,2007,10,110.12523364485983,214,fr_climat_sommaires_QC_10-2007.csv
QC,2007,11,91.8926267281106,217,fr_climat_sommaires_QC_11-2007.csv
QC,2007,12,104.85046728971963,214,fr_climat_sommaires_QC_12-2007.csv
QC,2008,1,75.74532710280374,214,fr_climat_sommaires_QC_01-2008.csv
QC,2008,2,81.72803738317758,214,fr_climat_sommaires_QC_02-2008.csv
QC,2008,3,95.52093023255814,215,fr_climat_sommaires_QC_03-2008.csv
QC,2008,4,68.05539906103286,213,fr_climat_sommaires_QC_04-2008.csv
QC,2008,5,73.28625592417062,211,fr_climat_sommaires_QC_05-2008.csv
QC,2008,6,130.5047619047619,210,fr_climat_sommaires_QC_06-2008.csv
QC,2008,7,127.57004608294929,217,fr_climat_sommaires_QC_07-2008.csv
QC,2008,8,103.93732057416268,209,fr_climat_sommaires_QC_08-2008.csv
QC,2008,9,84.30285714285714,210,fr_climat_sommaires_QC_09-2008.csv
QC,2008,10,90.56972477064221,218,fr_climat_sommaires_QC_10-2008.csv
QC,2008,11,75.90678733031675,221,fr_climat_sommaires_QC_11-2008.csv
QC,2008,12,114.1811320754717,212,fr_climat_sommaires_QC_12-2008.csv
QC,2009,1,67.55841121495327,214,fr_climat_sommaires_QC_01-2009.csv
QC,2009,2,63.19201877934273,213,fr_climat_sommaires_QC_02-2009.csv
QC,2009,3,43.997169811320745,212,fr_climat_sommaires_QC_03-2009.csv
QC,2009,4,86.5661971830986,213,fr_climat_sommaires_QC_04-2009.csv
QC,2009,5,92.3952380952381,210,fr_climat_sommaires_QC_05-2009.csv
QC,2009,6,92.07740384615384,208,fr_climat_sommaires_QC_06-2009.csv
QC,2009,7,138.34182692307692,208,fr_climat_sommaires_QC_07-2009.csv
QC,2009,8,86.02163461538461,208,fr_climat_sommaires_QC_08-2009.csv
QC,2009,9,62.25311004784689,209,fr_climat_sommaires_QC_09-2009.csv
QC,2009,10,96.21214953271028,214,fr_climat_sommaires_QC_10-2009.csv
QC,2009,11,63.36401869158878,214,fr_climat_sommaires_QC_11-2009.csv
QC,2009,12,90.2406542056075,214,fr_climat_sommaires_QC_12-2009.csv
QC,2010,1,62.246511627906976,215,fr_climat_sommaires_QC_01-2010.csv
QC,2010,2,41.039906103286384,213,fr_climat_sommaires_QC_02-2010.csv
QC,2010,3,41.738207547169814,212,fr_climat_sommaires_QC_03-2010.csv
QC,2010,4,59.14691943127962,211,fr_climat_sommaires_QC_04-2010.csv
QC,2010,5,54.84476190476191,210,fr_climat_sommaires_QC_05-2010.csv
QC,2010,6,109.17067307692308,208,fr_climat_sommaires_QC_06-2010.csv
QC,2010,7,87.4326923076923,208,fr_climat_sommaires_QC_07-2010.csv
QC,2010,8,84.83942307692307,208,fr_climat_sommaires_QC_08-2010.csv
QC,2010,9,172.9961352657005,207,fr_climat_sommaires_QC_09-2010.csv
QC,2010,10,93.63791469194312,211,fr_climat_sommaires_QC_10-2010.csv
QC,2010,11,89.048623853211,218,fr_climat_sommaires_QC_11-2010.csv
QC,2010,12,98.14952830188679,212,fr_climat_sommaires_QC_12-2010.csv
QC,2011,1,39.4127358490566,212,fr_climat_sommaires_QC_01-2011.csv
QC,2011,2,67.77677725118484,211,fr_climat_sommaires_QC_02-2011.csv
QC,2011,3,88.19481132075472,212,fr_climat_sommaires_QC_03-2011.csv
QC,2011,4,96.02985781990519,211,fr_climat_sommaires_QC_04-2011.csv
QC,2011,5,125.05242718446601,206,fr_climat_sommaires_QC_05-2011.csv
QC,2011,6,89.00147058823528,204,fr_climat_sommaires_QC_06-2011.csv
QC,2011,7,92.7248780487805,205,fr_climat_sommaires_QC_07-2011.csv
QC,2011,8,160.33951219512196,205,fr_climat_sommaires_QC_08-2011.csv
QC,2011,9,106.18543689320389,206,fr_climat_sommaires_QC_09-2011.csv
QC,2011,10,83.95497630331754,211,fr_climat_sommaires_QC_10-2011.csv
QC,2011,11,59.48356807511737,213,fr_climat_sommaires_QC_11-2011.csv
QC,2011,12,75.04190476190476,210,fr_climat_sommaires_QC_12-2011.csv
QC,2012,1,66.9868544600939,213,fr_climat_sommaires_QC_01-2012.csv
QC,2012,2,37.458215962441315,213,fr_climat_sommaires_QC_02-2012.csv
QC,2012,3,48.16807511737089,213,fr_climat_sommaires_QC_03-2012.csv
QC,2012,4,72.68761904761905,210,fr_climat_sommaires_QC_04-2012.csv
QC,2012,5,89.0471153846154,208,fr_climat_sommaires_QC_05-2012.csv
QC,2012,6,96.81057692307692,208,fr_climat_sommaires_QC_06-2012.csv
QC,2012,7,59.14714285714287,210,fr_climat_sommaires_QC_07-2012.csv
QC,2012,8,85.24764150943396,212,fr_climat_sommaires_QC_08-2012.csv
QC,2012,9,109.93412322274881,211,fr_climat_sommaires_QC_09-2012.csv
QC,2012,10,106.39485981308411,214,fr_climat_sommaires_QC_10-2012.csv
QC,2012,11,27.432727272727274,220,fr_climat_sommaires_QC_11-2012.csv
QC,2012,12,97.57616822429907,214,fr_climat_sommaires_QC_12-2012.csv
QC,2013,1,53.398139534883725,215,fr_climat_sommaires_QC_01-2013.csv
QC,2013,2,46.03130841121496,214,fr_climat_sommaires_QC_02-2013.csv
QC,2013,3,56.574418604651164,215,fr_climat_sommaires_QC_03-2013.csv
QC,2013,4,57.38738317757009,214,fr_climat_sommaires_QC_04-2013.csv
QC,2013,5,121.33827751196172,209,fr_climat_sommaires_QC_05-2013.csv
QC,2013,6,109.76763285024155,207,fr_climat_sommaires_QC_06-2013.csv
QC,2013,7,79.39857142857142,210,fr_climat_sommaires_QC_07-2013.csv
QC,2013,8,92.79061032863851,213,fr_climat_sommaires_QC_08-2013.csv
QC,2013,9,100.1868544600939,213,fr_climat_sommaires_QC_09-2013.csv
QC,2013,10,80.7739534883721,215,fr_climat_sommaires_QC_10-2013.csv
QC,2013,11,75.68127853881279,219,fr_climat_sommaires_QC_11-2013.csv
QC,2013,12,68.99392523364486,214,fr_climat_sommaires_QC_12-2013.csv
QC,2014,1,59.67370892018779,213,fr_climat_sommaires_QC_01-2014.csv
QC,2014,2,44.166355140186916,214,fr_climat_sommaires_QC_02-2014.csv
QC,2014,3,54.81441860465116,215,fr_climat_sommaires_QC_03-2014.csv
QC,2014,4,94.27230046948357,213,fr_climat_sommaires_QC_04-2014.csv
QC,2014,5,79.86105769230768,208,fr_climat_sommaires_QC_05-2014.csv
QC,2014,6,112.27352941176468,204,fr_climat_sommaires_QC_06-2014.csv
QC,2014,7,101.43816425120771,207,fr_climat_sommaires_QC_07-2014.csv
QC,2014,8,89.78932038834951,206,fr_climat_sommaires_QC_08-2014.csv
QC,2014,9,75.2536231884058,207,fr_climat_sommaires_QC_09-2014.csv
QC,2014,10,104.93270142180094,211,fr_climat_sommaires_QC_10-2014.csv
QC,2014,11,66.19004739336494,211,fr_climat_sommaires_QC_11-2014.csv
QC,2014,12,68.99052132701422,211,fr_climat_sommaires_QC_12-2014.csv
QC,2015,1,59.32019230769231,208,fr_climat_sommaires_QC_01-2015.csv
QC,2015,2,34.16618357487923,207,fr_climat_sommaires_QC_02-2015.csv
QC,2015,3,36.05145631067961,206,fr_climat_sommaires_QC_03-2015.csv
QC,2015,4,69.25291262135923,206,fr_climat_sommaires_QC_04-2015.csv
QC,2015,5,85.49242424242425,198,fr_climat_sommaires_QC_05-2015.csv
QC,2015,6,98.39141414141415,198,fr_climat_sommaires_QC_06-2015.csv
QC,2015,7,107.00515463917526,194,fr_climat_sommaires_QC_07-2015.csv
QC,2015,8,92.71428571428571,196,fr_climat_sommaires_QC_08-2015.csv
QC,2015,9,87.6979797979798,198,fr_climat_sommaires_QC_09-2015.csv
QC,2015,10,77.04059405940595,202,fr_climat_sommaires_QC_10-2015.csv
QC,2015,11,62.4370731707317,205,fr_climat_sommaires_QC_11-2015.csv
QC,2015,12,88.7975,200,fr_climat_sommaires_QC_12-2015.csv
QC,2016,1,43.4865,200,fr_climat_sommaires_QC_01-2016.csv
QC,2016,2,90.12142857142858,196,fr_climat_sommaires_QC_02-2016.csv
QC,2016,3,78.9509900990099,202,fr_climat_sommaires_QC_03-2016.csv
QC,2016,4,46.74676616915423,201,fr_climat_sommaires_QC_04-2016.csv
QC,2016,5,55.396391752577316,194,fr_climat_sommaires_QC_05-2016.csv
QC,2016,6,98.1121693121693,189,fr_climat_sommaires_QC_06-2016.csv
QC,2016,7,97.66335078534034,191,fr_climat_sommaires_QC_07-2016.csv
QC,2016,8,99.3308510638298,188,fr_climat_sommaires_QC_08-2016.csv
QC,2016,9,58.99340659340659,182,fr_climat_sommaires_QC_09-2016.csv
QC,2016,10,118.12192513368986,187,fr_climat_sommaires_QC_10-2016.csv
QC,2016,11,69.57905759162304,191,fr_climat_sommaires_QC_11-2016.csv
QC,2016,12,72.63333333333333,186,fr_climat_sommaires_QC_12-2016.csv
QC,2017,1,61.580748663101595,187,fr_climat_sommaires_QC_01-2017.csv
QC,2017,2,63.13924731182796,186,fr_climat_sommaires_QC_02-2017.csv
QC,2017,3,67.84064171122995,187,fr_climat_sommaires_QC_03-2017.csv
QC,2017,4,103.36737967914436,187,fr_climat_sommaires_QC_04-2017.csv
QC,2017,5,106.1054054054054,185,fr_climat_sommaires_QC_05-2017.csv
QC,2017,6,89.77150837988827,179,fr_climat_sommaires_QC_06-2017.csv
QC,2017,7,66.40685714285715,175,fr_climat_sommaires_QC_07-2017.csv
QC,2017,8,89.38793103448276,174,fr_climat_sommaires_QC_08-2017.csv
QC,2017,9,55.10225988700565,177,fr_climat_sommaires_QC_09-2017.csv
QC,2017,10,117.96777777777778,180,fr_climat_sommaires_QC_10-2017.csv
QC,2017,11,87.87010869565218,184,fr_climat_sommaires_QC_11-2017.csv
QC,2017,12,60.63406593406593,182,fr_climat_sommaires_QC_12-2017.csv
QC,2018,1,80.10934065934067,182,fr_climat_sommaires_QC_01-2018.csv
QC,2018,2,56.727322404371584,183,fr_climat_sommaires_QC_02-2018.csv
QC,2018,3,42.78152173913043,184,fr_climat_sommaires_QC_03-2018.csv
QC,2018,4,86.73048128342245,187,fr_climat_sommaires_QC_04-2018.csv
QC,2018,5,51.83944444444444,180,fr_climat_sommaires_QC_05-2018.csv
QC,2018,6,77.7782122905028,179,fr_climat_sommaires_QC_06-2018.csv
QC,2018,7,84.9425414364641,181,fr_climat_sommaires_QC_07-2018.csv
QC,2018,8,78.0587912087912,182,fr_climat_sommaires_QC_08-2018.csv
QC,2018,9,85.9967032967033,182,fr_climat_sommaires_QC_09-2018.csv
QC,2018,10,78.68297872340425,188,fr_climat_sommaires_QC_10-2018.csv
QC,2018,11,91.95752688172043,186,fr_climat_sommaires_QC_11-2018.csv
QC,2018,12,71.56988636363636,176,fr_climat_sommaires_QC_12-2018.csv
QC,2019,1,81.09491525423728,177,fr_climat_sommaires_QC_01-2019.csv
QC,2019,2,61.36999999999999,180,fr_climat_sommaires_QC_02-2019.csv
QC,2019,3,51.04972677595629,183,fr_climat_sommaires_QC_03-2019.csv
QC,2019,4,98.20546448087431,183,fr_climat_sommaires_QC_04-2019.csv
QC,2019,5,73.13877551020407,98,fr_climat_sommaires_QC_05-2019.csv
QC,2019,6,86.62622950819673,183,fr_climat_sommaires_QC_06-2019.csv
QC,2019,7,61.68516483516484,182,fr_climat_sommaires_QC_07-2019.csv
QC,2019,8,72.992817679558,181,fr_climat_sommaires_QC_08-2019.csv
QC,2019,9,89.34745762711864,177,fr_climat_sommaires_QC_09-2019.csv
QC,2019,10,118.35833333333333,180,fr_climat_sommaires_QC_10-2019.csv
QC,2019,11,56.17336956521739,184,fr_climat_sommaires_QC_11-2019.csv
QC,2019,12,51.04971428571429,175,fr_climat_sommaires_QC_12-2019.csv
QC,2020,1,53.275999999999996,100,fr_climat_sommaires_QC_01-2020.csv
QC,2020,2,48.690173410404626,173,fr_climat_sommaires_QC_02-2020.csv
QC,2020,3,69.41206896551725,174,fr_climat_sommaires_QC_03-2020.csv
QC,2020,4,61.02372881355932,177,fr_climat_sommaires_QC_04-2020.csv
QC,2020,5,42.84886363636363,176,fr_climat_sommaires_QC_05-2020.csv
QC,2020,6,45.35317919075145,173,fr_climat_sommaires_QC_06-2020.csv
QC,2020,7,98.2112359550562,178,fr_climat_sommaires_QC_07-2020.csv
QC,2020,8,113.90171428571428,175,fr_climat_sommaires_QC_08-2020.csv
QC,2020,9,81.51306818181818,176,fr_climat_sommaires_QC_09-2020.csv
QC,2020,10,105.05856353591162,181,fr_climat_sommaires_QC_10-2020.csv
QC,2020,11,57.0478021978022,182,fr_climat_sommaires_QC_11-2020.csv
QC,2020,12,70.6388888888889,180,fr_climat_sommaires_QC_12-2020.csv
QC,2021,1,34.927058823529414,170,fr_climat_sommaires_QC_01-2021.csv
QC,2021,2,50.05639534883721,172,fr_climat_sommaires_QC_02-2021.csv
QC,2021,3,54.07443181818182,176,fr_climat_sommaires_QC_03-2021.csv
QC,2021,4,56.615606936416185,173,fr_climat_sommaires_QC_04-2021.csv
QC,2021,5,48.22588235294118,170,fr_climat_sommaires_QC_05-2021.csv
QC,2021,6,97.64795321637426,171,fr_climat_sommaires_QC_06-2021.csv
QC,2021,7,74.80058823529411,170,fr_climat_sommaires_QC_07-2021.csv
QC,2021,8,46.48011695906432,171,fr_climat_sommaires_QC_08-2021.csv
QC,2021,9,105.40588235294115,170,fr_climat_sommaires_QC_09-2021.csv
QC,2021,10,85.8653409090909,176,fr_climat_sommaires_QC_10-2021.csv
QC,2021,11,63.11420454545455,176,fr_climat_sommaires_QC_11-2021.csv
QC,2021,12,63.67028571428571,175,fr_climat_sommaires_QC_12-2021.csv
QC,2022,1,39.954651162790704,172,fr_climat_sommaires_QC_01-2022.csv
QC,2022,2,67.53095238095239,168,fr_climat_sommaires_QC_02-2022.csv
QC,2022,3,72.42899408284023,169,fr_climat_sommaires_QC_03-2022.csv
QC,2022,4,79.84476744186045,172,fr_climat_sommaires_QC_04-2022.csv
QC,2022,5,85.9828402366864,169,fr_climat_sommaires_QC_05-2022.csv
QC,2022,6,110.19823529411765,170,fr_climat_sommaires_QC_06-2022.csv
QC,2022,7,86.0125748502994,167,fr_climat_sommaires_QC_07-2022.csv
QC,2022,8,109.23030303030303,165,fr_climat_sommaires_QC_08-2022.csv
QC,2022,9,86.21878787878786,165,fr_climat_sommaires_QC_09-2022.csv
QC,2022,10,63.905357142857135,168,fr_climat_sommaires_QC_10-2022.csv
QC,2022,11,82.43882352941176,170,fr_climat_sommaires_QC_11-2022.csv
QC,2022,12,90.17142857142856,168,fr_climat_sommaires_QC_12-2022.csv
QC,2023,1,63.0,163,fr_climat_sommaires_QC_01-2023.csv
QC,2023,2,48.157407407407405,162,fr_climat_sommaires_QC_02-2023.csv
QC,2023,3,42.13878787878789,165,fr_climat_sommaires_QC_03-2023.csv
QC,2023,4,68.41746987951807,166,fr_climat_sommaires_QC_04-2023.csv
QC,2023,5,43.732298136645966,161,fr_climat_sommaires_QC_05-2023.csv
QC,2023,6,82.14969325153373,163,fr_climat_sommaires_QC_06-2023.csv
QC,2023,7,147.15398773006135,163,fr_climat_sommaires_QC_07-2023.csv
QC,2023,8,122.61296296296298,162,fr_climat_sommaires_QC_08-2023.csv
QC,2023,9,56.61358024691359,162,fr_climat_sommaires_QC_09-2023.csv
QC,2023,10,109.06766467065866,167,fr_climat_sommaires_QC_10-2023.csv
QC,2023,11,51.5310975609756,164,fr_climat_sommaires_QC_11-2023.csv
QC,2023,12,68.34125,160,fr_climat_sommaires_QC_12-2023.csv
QC,2024,1,51.975,148,fr_climat_sommaires_QC_01-2024.csv
QC,2024,2,24.513157894736842,152,fr_climat_sommaires_QC_02-2024.csv
QC,2024,3,59.435064935064936,154,fr_climat_sommaires_QC_03-2024.csv
QC,2024,4,61.189171974522296,157,fr_climat_sommaires_QC_04-2024.csv
QC,2024,5,56.44294871794872,156,fr_climat_sommaires_QC_05-2024.csv
QC,2024,6,111.13355263157894,152,fr_climat_sommaires_QC_06-2024.csv
QC,2024,7,87.13472222222222,144,fr_climat_sommaires_QC_07-2024.csv
QC,2024,8,127.18382352941177,136,fr_climat_sommaires_QC_08-2024.csv
QC,2024,9,52.62857142857142,133,fr_climat_sommaires_QC_09-2024.csv
QC,2024,10,62.564062500000006,128,fr_climat_sommaires_QC_10-2024.csv
QC,2024,11,66.46640625,128,fr_climat_sommaires_QC_11-2024.csv
QC,2024,12,72.11102362204723,127,fr_climat_sommaires_QC_12-2024.csv
QC,2025,1,40.84033613445377,119,fr_climat_sommaires_QC_01-2025.csv
QC,2025,2,50.89674796747967,123,fr_climat_sommaires_QC_02-2025.csv
QC,2025,3,65.03852459016395,122,fr_climat_sommaires_QC_03-2025.csv
QC,2025,4,73.43809523809524,126,fr_climat_sommaires_QC_04-2025.csv
QC,2025,5,80.94426229508196,122,fr_climat_sommaires_QC_05-2025.csv
QC,2025,6,82.33416666666666,120,fr_climat_sommaires_QC_06-2025.csv
QC,2025,7,98.59747899159665,119,fr_climat_sommaires_QC_07-2025.csv
QC,2025,8,53.74700854700854,117,fr_climat_sommaires_QC_08-2025.csv
QC,2025,9,41.82881355932203,118,fr_climat_sommaires_QC_09-2025.csv
QC,2025,10,77.23025210084035,119,fr_climat_sommaires_QC_10-2025.csv
QC,2025,11,71.80762711864408,118,fr_climat_sommaires_QC_11-2025.csv
QC,2025,12,57.930851063829785,94,fr_climat_sommaires_QC_12-2025.csv
SK,2000,1,21.20714285714286,168,fr_climat_sommaires_SK_01-2000.csv
SK,2000,2,8.572471910112359,178,fr_climat_sommaires_SK_02-2000.csv
SK,2000,3,14.758857142857144,175,fr_climat_sommaires_SK_03-2000.csv
SK,2000,4,30.67528089887641,178,fr_climat_sommaires_SK_04-2000.csv
SK,2000,5,53.01136363636363,176,fr_climat_sommaires_SK_05-2000.csv
SK,2000,6,76.44350282485875,177,fr_climat_sommaires_SK_06-2000.csv
SK,2000,7,84.79828571428571,175,fr_climat_sommaires_SK_07-2000.csv
SK,2000,8,57.51907514450867,173,fr_climat_sommaires_SK_08-2000.csv
SK,2000,9,37.75819209039548,177,fr_climat_sommaires_SK_09-2000.csv
SK,2000,10,11.059883720930234,172,fr_climat_sommaires_SK_10-2000.csv
SK,2000,11,28.102439024390247,164,fr_climat_sommaires_SK_11-2000.csv
SK,2000,12,27.773749999999996,160,fr_climat_sommaires_SK_12-2000.csv
SK,2001,1,7.125,160,fr_climat_sommaires_SK_01-2001.csv
SK,2001,2,10.781410256410258,156,fr_climat_sommaires_SK_02-2001.csv
SK,2001,3,10.111309523809522,168,fr_climat_sommaires_SK_03-2001.csv
SK,2001,4,16.0514450867052,173,fr_climat_sommaires_SK_04-2001.csv
SK,2001,5,27.951162790697673,172,fr_climat_sommaires_SK_05-2001.csv
SK,2001,6,53.124705882352934,170,fr_climat_sommaires_SK_06-2001.csv
SK,2001,7,74.64210526315789,171,fr_climat_sommaires_SK_07-2001.csv
SK,2001,8,12.624855491329479,173,fr_climat_sommaires_SK_08-2001.csv
SK,2001,9,21.268023255813954,172,fr_climat_sommaires_SK_09-2001.csv
SK,2001,10,13.628901734104048,173,fr_climat_sommaires_SK_10-2001.csv
SK,2001,11,10.020000000000001,170,fr_climat_sommaires_SK_11-2001.csv
SK,2001,12,13.17290322580645,155,fr_climat_sommaires_SK_12-2001.csv
SK,2002,1,12.707547169811319,159,fr_climat_sommaires_SK_01-2002.csv
SK,2002,2,8.656050955414011,157,fr_climat_sommaires_SK_02-2002.csv
SK,2002,3,20.512101910828026,157,fr_climat_sommaires_SK_03-2002.csv
SK,2002,4,19.430232558139537,172,fr_climat_sommaires_SK_04-2002.csv
SK,2002,5,17.216184971098265,173,fr_climat_sommaires_SK_05-2002.csv
SK,2002,6,94.70000000000002,173,fr_climat_sommaires_SK_06-2002.csv
SK,2002,7,60.19651162790697,172,fr_climat_sommaires_SK_07-2002.csv
SK,2002,8,105.1186046511628,172,fr_climat_sommaires_SK_08-2002.csv
SK,2002,9,46.0859649122807,171,fr_climat_sommaires_SK_09-2002.csv
SK,2002,10,18.92294117647059,170,fr_climat_sommaires_SK_10-2002.csv
SK,2002,11,11.281012658227848,158,fr_climat_sommaires_SK_11-2002.csv
SK,2002,12,22.488235294117647,153,fr_climat_sommaires_SK_12-2002.csv
SK,2003,1,14.595364238410594,151,fr_climat_sommaires_SK_01-2003.csv
SK,2003,2,17.234640522875814,153,fr_climat_sommaires_SK_02-2003.csv
SK,2003,3,12.64968152866242,157,fr_climat_sommaires_SK_03-2003.csv
SK,2003,4,47.883536585365846,164,fr_climat_sommaires_SK_04-2003.csv
SK,2003,5,40.71190476190476,168,fr_climat_sommaires_SK_05-2003.csv
SK,2003,6,50.449397590361436,166,fr_climat_sommaires_SK_06-2003.csv
SK,2003,7,44.30416666666667,168,fr_climat_sommaires_SK_07-2003.csv
SK,2003,8,31.25808383233533,167,fr_climat_sommaires_SK_08-2003.csv
SK,2003,9,40.65688622754491,167,fr_climat_sommaires_SK_09-2003.csv
SK,2003,10,24.009146341463413,164,fr_climat_sommaires_SK_10-2003.csv
SK,2003,11,11.814649681528662,157,fr_climat_sommaires_SK_11-2003.csv
SK,2003,12,12.294155844155846,154,fr_climat_sommaires_SK_12-2003.csv
SK,2004,1,30.707284768211917,151,fr_climat_sommaires_SK_01-2004.csv
SK,2004,2,13.804635761589404,151,fr_climat_sommaires_SK_02-2004.csv
SK,2004,3,21.55759493670886,158,fr_climat_sommaires_SK_03-2004.csv
SK,2004,4,13.58679245283019,159,fr_climat_sommaires_SK_04-2004.csv
SK,2004,5,74.37852760736197,163,fr_climat_sommaires_SK_05-2004.csv
SK,2004,6,72.1717791411043,163,fr_climat_sommaires_SK_06-2004.csv
SK,2004,7,69.88624999999999,160,fr_climat_sommaires_SK_07-2004.csv
SK,2004,8,72.13624999999999,160,fr_climat_sommaires_SK_08-2004.csv
SK,2004,9,29.822222222222223,162,fr_climat_sommaires_SK_09-2004.csv
SK,2004,10,21.184177215189877,158,fr_climat_sommaires_SK_10-2004.csv
SK,2004,11,5.0893749999999995,160,fr_climat_sommaires_SK_11-2004.csv
SK,2004,12,33.68397435897435,156,fr_climat_sommaires_SK_12-2004.csv
SK,2005,1,19.636774193548387,155,fr_climat_sommaires_SK_01-2005.csv
SK,2005,2,10.322516556291392,151,fr_climat_sommaires_SK_02-2005.csv
SK,2005,3,25.29433962264151,159,fr_climat_sommaires_SK_03-2005.csv
SK,2005,4,17.172392638036808,163,fr_climat_sommaires_SK_04-2005.csv
SK,2005,5,50.78741721854305,151,fr_climat_sommaires_SK_05-2005.csv
SK,2005,6,121.77434210526316,152,fr_climat_sommaires_SK_06-2005.csv
SK,2005,7,51.77777777777778,153,fr_climat_sommaires_SK_07-2005.csv
SK,2005,8,85.05751633986928,153,fr_climat_sommaires_SK_08-2005.csv
SK,2005,9,46.50476190476191,147,fr_climat_sommaires_SK_09-2005.csv
SK,2005,10,19.616438356164384,146,fr_climat_sommaires_SK_10-2005.csv
SK,2005,11,23.502912621359222,103,fr_climat_sommaires_SK_11-2005.csv
SK,2005,12,15.225675675675676,148,fr_climat_sommaires_SK_12-2005.csv
SK,2006,1,16.3794701986755,151,fr_climat_sommaires_SK_01-2006.csv
SK,2006,2,15.56544117647059,136,fr_climat_sommaires_SK_02-2006.csv
SK,2006,3,20.76510067114094,149,fr_climat_sommaires_SK_03-2006.csv
SK,2006,4,34.88156028368794,141,fr_climat_sommaires_SK_04-2006.csv
SK,2006,5,59.36496350364963,137,fr_climat_sommaires_SK_05-2006.csv
SK,2006,6,69.9808988764045,89,fr_climat_sommaires_SK_06-2006.csv
SK,2006,7,38.26373626373626,91,fr_climat_sommaires_SK_07-2006.csv
SK,2006,8,39.682291666666664,96,fr_climat_sommaires_SK_08-2006.csv
SK,2006,9,66.97872340425532,94,fr_climat_sommaires_SK_09-2006.csv
SK,2006,10,23.632876712328766,146,fr_climat_sommaires_SK_10-2006.csv
SK,2006,11,33.28776978417266,139,fr_climat_sommaires_SK_11-2006.csv
SK,2006,12,13.23970588235294,136,fr_climat_sommaires_SK_12-2006.csv
SK,2007,1,15.082481751824819,137,fr_climat_sommaires_SK_01-2007.csv
SK,2007,2,20.31954887218045,133,fr_climat_sommaires_SK_02-2007.csv
SK,2007,3,22.14558823529412,136,fr_climat_sommaires_SK_03-2007.csv
SK,2007,4,15.348507462686566,134,fr_climat_sommaires_SK_04-2007.csv
SK,2007,5,66.36014492753624,138,fr_climat_sommaires_SK_05-2007.csv
SK,2007,6,83.26617647058823,136,fr_climat_sommaires_SK_06-2007.csv
SK,2007,7,36.23623188405797,138,fr_climat_sommaires_SK_07-2007.csv
SK,2007,8,46.06884057971015,138,fr_climat_sommaires_SK_08-2007.csv
SK,2007,9,32.26992481203008,133,fr_climat_sommaires_SK_09-2007.csv
SK,2007,10,20.518705035971223,139,fr_climat_sommaires_SK_10-2007.csv
SK,2007,11,17.77238805970149,134,fr_climat_sommaires_SK_11-2007.csv
SK,2007,12,16.19255319148936,94,fr_climat_sommaires_SK_12-2007.csv
SK,2008,1,15.887692307692308,130,fr_climat_sommaires_SK_01-2008.csv
SK,2008,2,13.05040650406504,123,fr_climat_sommaires_SK_02-2008.csv
SK,2008,3,13.539344262295081,122,fr_climat_sommaires_SK_03-2008.csv
SK,2008,4,21.264220183486238,109,fr_climat_sommaires_SK_04-2008.csv
SK,2008,5,19.97766990291262,103,fr_climat_sommaires_SK_05-2008.csv
SK,2008,6,70.97788461538462,104,fr_climat_sommaires_SK_06-2008.csv
SK,2008,7,77.51584158415842,101,fr_climat_sommaires_SK_07-2008.csv
SK,2008,8,44.96862745098039,102,fr_climat_sommaires_SK_08-2008.csv
SK,2008,9,23.712149532710278,107,fr_climat_sommaires_SK_09-2008.csv
SK,2008,10,29.912264150943393,106,fr_climat_sommaires_SK_10-2008.csv
SK,2008,11,14.886407766990294,103,fr_climat_sommaires_SK_11-2008.csv
SK,2008,12,24.275961538461537,104,fr_climat_sommaires_SK_12-2008.csv
SK,2009,1,21.39207920792079,101,fr_climat_sommaires_SK_01-2009.csv
SK,2009,2,16.934343434343432,99,fr_climat_sommaires_SK_02-2009.csv
SK,2009,3,13.047474747474746,99,fr_climat_sommaires_SK_03-2009.csv
SK,2009,4,26.658585858585862,99,fr_climat_sommaires_SK_04-2009.csv
SK,2009,5,23.928712871287136,101,fr_climat_sommaires_SK_05-2009.csv
SK,2009,6,57.92871287128713,101,fr_climat_sommaires_SK_06-2009.csv
SK,2009,7,71.54313725490195,102,fr_climat_sommaires_SK_07-2009.csv
SK,2009,8,64.97403846153846,104,fr_climat_sommaires_SK_08-2009.csv
SK,2009,9,26.598165137614682,109,fr_climat_sommaires_SK_09-2009.csv
SK,2009,10,41.17596153846153,104,fr_climat_sommaires_SK_10-2009.csv
SK,2009,11,6.292929292929293,99,fr_climat_sommaires_SK_11-2009.csv
SK,2009,12,19.01340206185567,97,fr_climat_sommaires_SK_12-2009.csv
SK,2010,1,22.44,95,fr_climat_sommaires_SK_01-2010.csv
SK,2010,2,6.334374999999999,96,fr_climat_sommaires_SK_02-2010.csv
SK,2010,3,6.337894736842106,95,fr_climat_sommaires_SK_03-2010.csv
SK,2010,4,54.48585858585859,99,fr_climat_sommaires_SK_04-2010.csv
SK,2010,5,94.09800000000001,100,fr_climat_sommaires_SK_05-2010.csv
SK,2010,6,93.44999999999999,98,fr_climat_sommaires_SK_06-2010.csv
SK,2010,7,69.403,100,fr_climat_sommaires_SK_07-2010.csv
SK,2010,8,74.892,100,fr_climat_sommaires_SK_08-2010.csv
SK,2010,9,65.77450980392157,102,fr_climat_sommaires_SK_09-2010.csv
SK,2010,10,21.53861386138614,101,fr_climat_sommaires_SK_10-2010.csv
SK,2010,11,27.184848484848484,99,fr_climat_sommaires_SK_11-2010.csv
SK,2010,12,14.033333333333331,99,fr_climat_sommaires_SK_12-2010.csv
SK,2011,1,27.831958762886597,97,fr_climat_sommaires_SK_01-2011.csv
SK,2011,2,14.677777777777779,99,fr_climat_sommaires_SK_02-2011.csv
SK,2011,3,13.564000000000004,100,fr_climat_sommaires_SK_03-2011.csv
SK,2011,4,19.880582524271848,103,fr_climat_sommaires_SK_04-2011.csv
SK,2011,5,53.696969696969695,99,fr_climat_sommaires_SK_05-2011.csv
SK,2011,6,89.089898989899,99,fr_climat_sommaires_SK_06-2011.csv
SK,2011,7,73.9295918367347,98,fr_climat_sommaires_SK_07-2011.csv
SK,2011,8,49.023232323232314,99,fr_climat_sommaires_SK_08-2011.csv
SK,2011,9,12.642574257425743,101,fr_climat_sommaires_SK_09-2011.csv
SK,2011,10,25.752999999999997,100,fr_climat_sommaires_SK_10-2011.csv
SK,2011,11,16.01855670103093,97,fr_climat_sommaires_SK_11-2011.csv
SK,2011,12,12.840816326530613,98,fr_climat_sommaires_SK_12-2011.csv
SK,2012,1,12.383,100,fr_climat_sommaires_SK_01-2012.csv
SK,2012,2,6.7829999999999995,100,fr_climat_sommaires_SK_02-2012.csv
SK,2012,3,22.46862745098039,102,fr_climat_sommaires_SK_03-2012.csv
SK,2012,4,42.259405940594064,101,fr_climat_sommaires_SK_04-2012.csv
SK,2012,5,82.04950495049506,101,fr_climat_sommaires_SK_05-2012.csv
SK,2012,6,83.50204081632651,98,fr_climat_sommaires_SK_06-2012.csv
SK,2012,7,60.4,98,fr_climat_sommaires_SK_07-2012.csv
SK,2012,8,43.981249999999996,96,fr_climat_sommaires_SK_08-2012.csv
SK,2012,9,14.600000000000001,101,fr_climat_sommaires_SK_09-2012.csv
SK,2012,10,31.136734693877553,98,fr_climat_sommaires_SK_10-2012.csv
SK,2012,11,30.135714285714283,98,fr_climat_sommaires_SK_11-2012.csv
SK,2012,12,15.811340206185568,97,fr_climat_sommaires_SK_12-2012.csv
SK,2013,1,19.2375,96,fr_climat_sommaires_SK_01-2013.csv
SK,2013,2,12.554166666666669,96,fr_climat_sommaires_SK_02-2013.csv
SK,2013,3,20.213402061855675,97,fr_climat_sommaires_SK_03-2013.csv
SK,2013,4,18.702083333333334,96,fr_climat_sommaires_SK_04-2013.csv
SK,2013,5,29.564210526315794,95,fr_climat_sommaires_SK_05-2013.csv
SK,2013,6,91.07894736842105,95,fr_climat_sommaires_SK_06-2013.csv
SK,2013,7,61.46875,96,fr_climat_sommaires_SK_07-2013.csv
SK,2013,8,31.24166666666667,96,fr_climat_sommaires_SK_08-2013.csv
SK,2013,9,35.046938775510206,98,fr_climat_sommaires_SK_09-2013.csv
SK,2013,10,13.942574257425743,101,fr_climat_sommaires_SK_10-2013.csv
SK,2013,11,19.603061224489796,98,fr_climat_sommaires_SK_11-2013.csv
SK,2013,12,19.609183673469385,98,fr_climat_sommaires_SK_12-2013.csv
SK,2014,1,14.504210526315786,95,fr_climat_sommaires_SK_01-2014.csv
SK,2014,2,9.16989247311828,93,fr_climat_sommaires_SK_02-2014.csv
SK,2014,3,12.234042553191491,94,fr_climat_sommaires_SK_03-2014.csv
SK,2014,4,46.30105263157895,95,fr_climat_sommaires_SK_04-2014.csv
SK,2014,5,43.72872340425532,94,fr_climat_sommaires_SK_05-2014.csv
SK,2014,6,115.37065217391304,92,fr_climat_sommaires_SK_06-2014.csv
SK,2014,7,40.70967741935485,93,fr_climat_sommaires_SK_07-2014.csv
SK,2014,8,74.71521739130434,92,fr_climat_sommaires_SK_08-2014.csv
SK,2014,9,35.776041666666664,96,fr_climat_sommaires_SK_09-2014.csv
SK,2014,10,16.147311827956987,93,fr_climat_sommaires_SK_10-2014.csv
SK,2014,11,27.19222222222223,90,fr_climat_sommaires_SK_11-2014.csv
SK,2014,12,8.017777777777779,90,fr_climat_sommaires_SK_12-2014.csv
SK,2015,1,15.549999999999999,88,fr_climat_sommaires_SK_01-2015.csv
SK,2015,2,18.16741573033708,89,fr_climat_sommaires_SK_02-2015.csv
SK,2015,3,14.247191011235955,89,fr_climat_sommaires_SK_03-2015.csv
SK,2015,4,19.697752808988763,89,fr_climat_sommaires_SK_04-2015.csv
SK,2015,5,16.123255813953488,86,fr_climat_sommaires_SK_05-2015.csv
SK,2015,6,33.14444444444444,90,fr_climat_sommaires_SK_06-2015.csv
SK,2015,7,88.15054945054945,91,fr_climat_sommaires_SK_07-2015.csv
SK,2015,8,52.95384615384614,91,fr_climat_sommaires_SK_08-2015.csv
SK,2015,9,52.206521739130444,92,fr_climat_sommaires_SK_09-2015.csv
SK,2015,10,34.69670329670329,91,fr_climat_sommaires_SK_10-2015.csv
SK,2015,11,17.50227272727273,88,fr_climat_sommaires_SK_11-2015.csv
SK,2015,12,10.251162790697675,86,fr_climat_sommaires_SK_12-2015.csv
SK,2016,1,14.1010989010989,91,fr_climat_sommaires_SK_01-2016.csv
SK,2016,2,12.530000000000001,90,fr_climat_sommaires_SK_02-2016.csv
SK,2016,3,18.827777777777776,90,fr_climat_sommaires_SK_03-2016.csv
SK,2016,4,21.13023255813954,86,fr_climat_sommaires_SK_04-2016.csv
SK,2016,5,55.44044943820226,89,fr_climat_sommaires_SK_05-2016.csv
SK,2016,6,67.89090909090909,88,fr_climat_sommaires_SK_06-2016.csv
SK,2016,7,94.43953488372094,86,fr_climat_sommaires_SK_07-2016.csv
SK,2016,8,59.161904761904765,84,fr_climat_sommaires_SK_08-2016.csv
SK,2016,9,42.61785714285713,84,fr_climat_sommaires_SK_09-2016.csv
SK,2016,10,67.37926829268292,82,fr_climat_sommaires_SK_10-2016.csv
SK,2016,11,10.796470588235293,85,fr_climat_sommaires_SK_11-2016.csv
SK,2016,12,12.744705882352942,85,fr_climat_sommaires_SK_12-2016.csv
SK,2017,1,12.397701149425286,87,fr_climat_sommaires_SK_01-2017.csv
SK,2017,2,13.063636363636364,88,fr_climat_sommaires_SK_02-2017.csv
SK,2017,3,17.273563218390805,87,fr_climat_sommaires_SK_03-2017.csv
SK,2017,4,25.732954545454547,88,fr_climat_sommaires_SK_04-2017.csv
SK,2017,5,33.14333333333333,90,fr_climat_sommaires_SK_05-2017.csv
SK,2017,6,49.323333333333345,90,fr_climat_sommaires_SK_06-2017.csv
SK,2017,7,36.43444444444445,90,fr_climat_sommaires_SK_07-2017.csv
SK,2017,8,27.663529411764706,85,fr_climat_sommaires_SK_08-2017.csv
SK,2017,9,23.84819277108434,83,fr_climat_sommaires_SK_09-2017.csv
SK,2017,10,39.31666666666667,84,fr_climat_sommaires_SK_10-2017.csv
SK,2017,11,18.522222222222226,81,fr_climat_sommaires_SK_11-2017.csv
SK,2017,12,9.633734939759035,83,fr_climat_sommaires_SK_12-2017.csv
SK,2018,1,12.30126582278481,79,fr_climat_sommaires_SK_01-2018.csv
SK,2018,2,6.458024691358023,81,fr_climat_sommaires_SK_02-2018.csv
SK,2018,3,26.074074074074073,81,fr_climat_sommaires_SK_03-2018.csv
SK,2018,4,10.414814814814815,81,fr_climat_sommaires_SK_04-2018.csv
SK,2018,5,31.77530864197531,81,fr_climat_sommaires_SK_05-2018.csv
SK,2018,6,64.70493827160493,81,fr_climat_sommaires_SK_06-2018.csv
SK,2018,7,60.36962025316457,79,fr_climat_sommaires_SK_07-2018.csv
SK,2018,8,26.85696202531646,79,fr_climat_sommaires_SK_08-2018.csv
SK,2018,9,40.27926829268293,82,fr_climat_sommaires_SK_09-2018.csv
SK,2018,10,15.535802469135804,81,fr_climat_sommaires_SK_10-2018.csv
SK,2018,11,17.060256410256414,78,fr_climat_sommaires_SK_11-2018.csv
SK,2018,12,10.189873417721518,79,fr_climat_sommaires_SK_12-2018.csv
SK,2019,1,12.90506329113924,79,fr_climat_sommaires_SK_01-2019.csv
SK,2019,2,12.82948717948718,78,fr_climat_sommaires_SK_02-2019.csv
SK,2019,3,2.040506329113924,79,fr_climat_sommaires_SK_03-2019.csv
SK,2019,4,17.149350649350648,77,fr_climat_sommaires_SK_04-2019.csv
SK,2019,5,15.579746835443038,79,fr_climat_sommaires_SK_05-2019.csv
SK,2019,6,86.18101265822786,79,fr_climat_sommaires_SK_06-2019.csv
SK,2019,7,61.832911392405066,79,fr_climat_sommaires_SK_07-2019.csv
SK,2019,8,57.036708860759504,79,fr_climat_sommaires_SK_08-2019.csv
SK,2019,9,65.45949367088606,79,fr_climat_sommaires_SK_09-2019.csv
SK,2019,10,13.529487179487178,78,fr_climat_sommaires_SK_10-2019.csv
SK,2019,11,14.849999999999996,78,fr_climat_sommaires_SK_11-2019.csv
SK,2019,12,5.8076923076923075,78,fr_climat_sommaires_SK_12-2019.csv
SK,2020,1,12.993506493506493,77,fr_climat_sommaires_SK_01-2020.csv
SK,2020,2,6.91038961038961,77,fr_climat_sommaires_SK_02-2020.csv
SK,2020,3,13.312987012987016,77,fr_climat_sommaires_SK_03-2020.csv
SK,2020,4,12.392207792207792,77,fr_climat_sommaires_SK_04-2020.csv
SK,2020,5,32.515,80,fr_climat_sommaires_SK_05-2020.csv
SK,2020,6,73.72784810126583,79,fr_climat_sommaires_SK_06-2020.csv
SK,2020,7,72.15128205128205,78,fr_climat_sommaires_SK_07-2020.csv
SK,2020,8,37.2,76,fr_climat_sommaires_SK_08-2020.csv
SK,2020,9,25.52820512820513,78,fr_climat_sommaires_SK_09-2020.csv
SK,2020,10,14.00131578947368,76,fr_climat_sommaires_SK_10-2020.csv
SK,2020,11,23.233333333333334,75,fr_climat_sommaires_SK_11-2020.csv
SK,2020,12,11.13766233766234,77,fr_climat_sommaires_SK_12-2020.csv
SK,2021,1,10.997402597402596,77,fr_climat_sommaires_SK_01-2021.csv
SK,2021,2,4.583116883116883,77,fr_climat_sommaires_SK_02-2021.csv
SK,2021,3,11.236363636363636,77,fr_climat_sommaires_SK_03-2021.csv
SK,2021,4,11.14285714285714,77,fr_climat_sommaires_SK_04-2021.csv
SK,2021,5,44.454545454545446,77,fr_climat_sommaires_SK_05-2021.csv
SK,2021,6,48.58961038961039,77,fr_climat_sommaires_SK_06-2021.csv
SK,2021,7,23.224999999999998,76,fr_climat_sommaires_SK_07-2021.csv
SK,2021,8,58.124,75,fr_climat_sommaires_SK_08-2021.csv
SK,2021,9,13.92105263157895,76,fr_climat_sommaires_SK_09-2021.csv
SK,2021,10,19.21756756756757,74,fr_climat_sommaires_SK_10-2021.csv
SK,2021,11,17.86184210526316,76,fr_climat_sommaires_SK_11-2021.csv
SK,2021,12,22.356578947368423,76,fr_climat_sommaires_SK_12-2021.csv
SK,2022,1,24.298684210526314,76,fr_climat_sommaires_SK_01-2022.csv
SK,2022,2,13.116000000000001,75,fr_climat_sommaires_SK_02-2022.csv
SK,2022,3,14.330666666666666,75,fr_climat_sommaires_SK_03-2022.csv
SK,2022,4,14.741891891891893,74,fr_climat_sommaires_SK_04-2022.csv
SK,2022,5,58.875,76,fr_climat_sommaires_SK_05-2022.csv
SK,2022,6,69.78666666666668,75,fr_climat_sommaires_SK_06-2022.csv
SK,2022,7,59.66399999999999,75,fr_climat_sommaires_SK_07-2022.csv
SK,2022,8,40.49324324324324,74,fr_climat_sommaires_SK_08-2022.csv
SK,2022,9,14.476388888888891,72,fr_climat_sommaires_SK_09-2022.csv
SK,2022,10,13.223287671232876,73,fr_climat_sommaires_SK_10-2022.csv
SK,2022,11,23.70405405405405,74,fr_climat_sommaires_SK_11-2022.csv
SK,2022,12,17.18666666666667,75,fr_climat_sommaires_SK_12-2022.csv
SK,2023,1,7.112162162162162,74,fr_climat_sommaires_SK_01-2023.csv
SK,2023,2,8.660810810810812,74,fr_climat_sommaires_SK_02-2023.csv
SK,2023,3,8.760000000000002,75,fr_climat_sommaires_SK_03-2023.csv
SK,2023,4,17.95733333333333,75,fr_climat_sommaires_SK_04-2023.csv
SK,2023,5,28.804000000000002,75,fr_climat_sommaires_SK_05-2023.csv
SK,2023,6,58.722972972972975,74,fr_climat_sommaires_SK_06-2023.csv
SK,2023,7,32.37733333333333,75,fr_climat_sommaires_SK_07-2023.csv
SK,2023,8,50.221621621621615,74,fr_climat_sommaires_SK_08-2023.csv
SK,2023,9,16.454794520547946,73,fr_climat_sommaires_SK_09-2023.csv
SK,2023,10,21.764864864864865,74,fr_climat_sommaires_SK_10-2023.csv
SK,2023,11,13.758333333333333,72,fr_climat_sommaires_SK_11-2023.csv
SK,2023,12,5.418055555555556,72,fr_climat_sommaires_SK_12-2023.csv
SK,2024,1,10.697222222222225,72,fr_climat_sommaires_SK_01-2024.csv
SK,2024,2,14.545833333333333,72,fr_climat_sommaires_SK_02-2024.csv
SK,2024,3,18.545833333333334,72,fr_climat_sommaires_SK_03-2024.csv
SK,2024,4,21.74931506849315,73,fr_climat_sommaires_SK_04-2024.csv
SK,2024,5,68.29178082191781,73,fr_climat_sommaires_SK_05-2024.csv
SK,2024,6,88.28630136986303,73,fr_climat_sommaires_SK_06-2024.csv
SK,2024,7,27.70555555555556,72,fr_climat_sommaires_SK_07-2024.csv
SK,2024,8,35.5875,72,fr_climat_sommaires_SK_08-2024.csv
SK,2024,9,42.38611111111111,72,fr_climat_sommaires_SK_09-2024.csv
SK,2024,10,11.6112676056338,71,fr_climat_sommaires_SK_10-2024.csv
SK,2024,11,28.840000000000003,70,fr_climat_sommaires_SK_11-2024.csv
SK,2024,12,17.780281690140846,71,fr_climat_sommaires_SK_12-2024.csv
SK,2025,1,10.990140845070423,71,fr_climat_sommaires_SK_01-2025.csv
SK,2025,2,10.452112676056336,71,fr_climat_sommaires_SK_02-2025.csv
SK,2025,3,10.198591549295775,71,fr_climat_sommaires_SK_03-2025.csv
SK,2025,4,14.726760563380283,71,fr_climat_sommaires_SK_04-2025.csv
SK,2025,5,21.672222222222224,72,fr_climat_sommaires_SK_05-2025.csv
SK,2025,6,49.05555555555556,72,fr_climat_sommaires_SK_06-2025.csv
SK,2025,7,39.36388888888889,72,fr_climat_sommaires_SK_07-2025.csv
SK,2025,8,62.00972222222222,72,fr_climat_sommaires_SK_08-2025.csv
SK,2025,9,23.485507246376812,69,fr_climat_sommaires_SK_09-2025.csv
SK,2025,10,26.798550724637682,69,fr_climat_sommaires_SK_10-2025.csv
SK,2025,11,13.708695652173912,69,fr_climat_sommaires_SK_11-2025.csv
SK,2025,12,24.556521739130435,69,fr_climat_sommaires_SK_12-2025.csv
YT,2000,1,20.220588235294116,34,fr_climat_sommaires_YT_01-2000.csv
YT,2000,2,5.318181818181818,33,fr_climat_sommaires_YT_02-2000.csv
YT,2000,3,7.264516129032258,31,fr_climat_sommaires_YT_03-2000.csv
YT,2000,4,14.608823529411763,34,fr_climat_sommaires_YT_04-2000.csv
YT,2000,5,21.64,40,fr_climat_sommaires_YT_05-2000.csv
YT,2000,6,39.16923076923078,39,fr_climat_sommaires_YT_06-2000.csv
YT,2000,7,60.747368421052634,38,fr_climat_sommaires_YT_07-2000.csv
YT,2000,8,71.89000000000001,40,fr_climat_sommaires_YT_08-2000.csv
YT,2000,9,58.03076923076922,39,fr_climat_sommaires_YT_09-2000.csv
YT,2000,10,25.24375,32,fr_climat_sommaires_YT_10-2000.csv
YT,2000,11,22.90967741935484,31,fr_climat_sommaires_YT_11-2000.csv
YT,2000,12,19.496774193548383,31,fr_climat_sommaires_YT_12-2000.csv
YT,2001,1,20.236666666666665,30,fr_climat_sommaires_YT_01-2001.csv
YT,2001,2,14.171428571428573,28,fr_climat_sommaires_YT_02-2001.csv
YT,2001,3,12.006451612903223,31,fr_climat_sommaires_YT_03-2001.csv
YT,2001,4,7.746428571428572,28,fr_climat_sommaires_YT_04-2001.csv
YT,2001,5,23.655172413793103,29,fr_climat_sommaires_YT_05-2001.csv
YT,2001,6,40.05263157894736,38,fr_climat_sommaires_YT_06-2001.csv
YT,2001,7,57.508823529411764,34,fr_climat_sommaires_YT_07-2001.csv
YT,2001,8,29.715151515151515,33,fr_climat_sommaires_YT_08-2001.csv
YT,2001,9,34.425,32,fr_climat_sommaires_YT_09-2001.csv
YT,2001,10,32.384375000000006,32,fr_climat_sommaires_YT_10-2001.csv
YT,2001,11,20.39032258064516,31,fr_climat_sommaires_YT_11-2001.csv
YT,2001,12,20.237499999999997,32,fr_climat_sommaires_YT_12-2001.csv
YT,2002,1,18.6,32,fr_climat_sommaires_YT_01-2002.csv
YT,2002,2,16.290909090909093,33,fr_climat_sommaires_YT_02-2002.csv
YT,2002,3,8.712903225806452,31,fr_climat_sommaires_YT_03-2002.csv
YT,2002,4,8.53448275862069,29,fr_climat_sommaires_YT_04-2002.csv
YT,2002,5,17.812121212121212,33,fr_climat_sommaires_YT_05-2002.csv
YT,2002,6,27.47931034482758,29,fr_climat_sommaires_YT_06-2002.csv
YT,2002,7,60.43666666666666,30,fr_climat_sommaires_YT_07-2002.csv
YT,2002,8,63.50333333333333,30,fr_climat_sommaires_YT_08-2002.csv
YT,2002,9,27.36785714285714,28,fr_climat_sommaires_YT_09-2002.csv
YT,2002,10,21.81290322580646,31,fr_climat_sommaires_YT_10-2002.csv
YT,2002,11,18.419354838709676,31,fr_climat_sommaires_YT_11-2002.csv
YT,2002,12,18.825806451612902,31,fr_climat_sommaires_YT_12-2002.csv
YT,2003,1,24.111538461538462,26,fr_climat_sommaires_YT_01-2003.csv
YT,2003,2,13.893333333333334,30,fr_climat_sommaires_YT_02-2003.csv
YT,2003,3,18.189285714285717,28,fr_climat_sommaires_YT_03-2003.csv
YT,2003,4,2.909090909090909,22,fr_climat_sommaires_YT_04-2003.csv
YT,2003,5,12.74516129032258,31,fr_climat_sommaires_YT_05-2003.csv
YT,2003,6,40.22727272727273,33,fr_climat_sommaires_YT_06-2003.csv
YT,2003,7,48.38529411764706,34,fr_climat_sommaires_YT_07-2003.csv
YT,2003,8,34.35294117647058,34,fr_climat_sommaires_YT_08-2003.csv
YT,2003,9,41.548387096774206,31,fr_climat_sommaires_YT_09-2003.csv
YT,2003,10,18.128571428571426,28,fr_climat_sommaires_YT_10-2003.csv
YT,2003,11,32.39666666666667,30,fr_climat_sommaires_YT_11-2003.csv
YT,2003,12,37.9,29,fr_climat_sommaires_YT_12-2003.csv
YT,2004,1,27.071428571428573,28,fr_climat_sommaires_YT_01-2004.csv
YT,2004,2,11.743333333333334,30,fr_climat_sommaires_YT_02-2004.csv
YT,2004,3,28.283333333333335,30,fr_climat_sommaires_YT_03-2004.csv
YT,2004,4,9.576666666666666,30,fr_climat_sommaires_YT_04-2004.csv
YT,2004,5,22.203030303030303,33,fr_climat_sommaires_YT_05-2004.csv
YT,2004,6,25.527272727272724,33,fr_climat_sommaires_YT_06-2004.csv
YT,2004,7,39.0030303030303,33,fr_climat_sommaires_YT_07-2004.csv
YT,2004,8,23.982352941176472,34,fr_climat_sommaires_YT_08-2004.csv
YT,2004,9,27.592307692307692,13,fr_climat_sommaires_YT_09-2004.csv
YT,2004,10,37.24444444444444,9,fr_climat_sommaires_YT_10-2004.csv
YT,2004,11,22.75555555555555,9,fr_climat_sommaires_YT_11-2004.csv
YT,2004,12,38.050000000000004,28,fr_climat_sommaires_YT_12-2004.csv
YT,2005,1,30.34242424242424,33,fr_climat_sommaires_YT_01-2005.csv
YT,2005,2,18.910000000000004,30,fr_climat_sommaires_YT_02-2005.csv
YT,2005,3,11.365217391304347,23,fr_climat_sommaires_YT_03-2005.csv
YT,2005,4,9.280645161290325,31,fr_climat_sommaires_YT_04-2005.csv
YT,2005,5,25.290625,32,fr_climat_sommaires_YT_05-2005.csv
YT,2005,6,51.546875,32,fr_climat_sommaires_YT_06-2005.csv
YT,2005,7,61.24411764705883,34,fr_climat_sommaires_YT_07-2005.csv
YT,2005,8,38.125714285714274,35,fr_climat_sommaires_YT_08-2005.csv
YT,2005,9,36.36571428571428,35,fr_climat_sommaires_YT_09-2005.csv
YT,2005,10,20.5,32,fr_climat_sommaires_YT_10-2005.csv
YT,2005,11,38.16060606060606,33,fr_climat_sommaires_YT_11-2005.csv
YT,2005,12,14.655882352941177,34,fr_climat_sommaires_YT_12-2005.csv
YT,2006,1,15.929411764705879,34,fr_climat_sommaires_YT_01-2006.csv
YT,2006,2,13.244117647058824,34,fr_climat_sommaires_YT_02-2006.csv
YT,2006,3,11.768749999999999,32,fr_climat_sommaires_YT_03-2006.csv
YT,2006,4,14.506060606060604,33,fr_climat_sommaires_YT_04-2006.csv
YT,2006,5,28.83529411764706,34,fr_climat_sommaires_YT_05-2006.csv
YT,2006,6,44.00909090909091,33,fr_climat_sommaires_YT_06-2006.csv
YT,2006,7,33.06875,32,fr_climat_sommaires_YT_07-2006.csv
YT,2006,8,45.279999999999994,30,fr_climat_sommaires_YT_08-2006.csv
YT,2006,9,34.263333333333335,30,fr_climat_sommaires_YT_09-2006.csv
YT,2006,10,26.099999999999998,28,fr_climat_sommaires_YT_10-2006.csv
YT,2006,11,22.3074074074074,27,fr_climat_sommaires_YT_11-2006.csv
YT,2006,12,26.788461538461544,26,fr_climat_sommaires_YT_12-2006.csv
YT,2007,1,23.769696969696973,33,fr_climat_sommaires_YT_01-2007.csv
YT,2007,2,17.145454545454548,33,fr_climat_sommaires_YT_02-2007.csv
YT,2007,3,17.306451612903224,31,fr_climat_sommaires_YT_03-2007.csv
YT,2007,4,9.82258064516129,31,fr_climat_sommaires_YT_04-2007.csv
YT,2007,5,9.266666666666664,30,fr_climat_sommaires_YT_05-2007.csv
YT,2007,6,25.150000000000002,32,fr_climat_sommaires_YT_06-2007.csv
YT,2007,7,47.86060606060606,33,fr_climat_sommaires_YT_07-2007.csv
YT,2007,8,25.146428571428576,28,fr_climat_sommaires_YT_08-2007.csv
YT,2007,9,29.875,32,fr_climat_sommaires_YT_09-2007.csv
YT,2007,10,19.206666666666667,30,fr_climat_sommaires_YT_10-2007.csv
YT,2007,11,10.025806451612901,31,fr_climat_sommaires_YT_11-2007.csv
YT,2007,12,19.964285714285715,28,fr_climat_sommaires_YT_12-2007.csv
YT,2008,1,16.967741935483872,31,fr_climat_sommaires_YT_01-2008.csv
YT,2008,2,18.894736842105264,19,fr_climat_sommaires_YT_02-2008.csv
YT,2008,3,28.90952380952381,21,fr_climat_sommaires_YT_03-2008.csv
YT,2008,4,17.18095238095238,21,fr_climat_sommaires_YT_04-2008.csv
YT,2008,5,16.32,25,fr_climat_sommaires_YT_05-2008.csv
YT,2008,6,47.73181818181818,22,fr_climat_sommaires_YT_06-2008.csv
YT,2008,7,60.7608695652174,23,fr_climat_sommaires_YT_07-2008.csv
YT,2008,8,52.868,25,fr_climat_sommaires_YT_08-2008.csv
YT,2008,9,28.84583333333333,24,fr_climat_sommaires_YT_09-2008.csv
YT,2008,10,29.78636363636364,22,fr_climat_sommaires_YT_10-2008.csv
YT,2008,11,22.190476190476193,21,fr_climat_sommaires_YT_11-2008.csv
YT,2008,12,23.6,22,fr_climat_sommaires_YT_12-2008.csv
YT,2009,1,32.987500000000004,24,fr_climat_sommaires_YT_01-2009.csv
YT,2009,2,24.36315789473684,19,fr_climat_sommaires_YT_02-2009.csv
YT,2009,3,22.04782608695652,23,fr_climat_sommaires_YT_03-2009.csv
YT,2009,4,33.53636363636364,22,fr_climat_sommaires_YT_04-2009.csv
YT,2009,5,17.290909090909086,22,fr_climat_sommaires_YT_05-2009.csv
YT,2009,6,41.84,25,fr_climat_sommaires_YT_06-2009.csv
YT,2009,7,24.852000000000004,25,fr_climat_sommaires_YT_07-2009.csv
YT,2009,8,67.77142857142856,21,fr_climat_sommaires_YT_08-2009.csv
YT,2009,9,32.768,25,fr_climat_sommaires_YT_09-2009.csv
YT,2009,10,34.705882352941174,17,fr_climat_sommaires_YT_10-2009.csv
YT,2009,11,20.786363636363635,22,fr_climat_sommaires_YT_11-2009.csv
YT,2009,12,10.295000000000002,20,fr_climat_sommaires_YT_12-2009.csv
YT,2010,1,21.05,20,fr_climat_sommaires_YT_01-2010.csv
YT,2010,2,6.859090909090909,22,fr_climat_sommaires_YT_02-2010.csv
YT,2010,3,9.969565217391304,23,fr_climat_sommaires_YT_03-2010.csv
YT,2010,4,10.156,25,fr_climat_sommaires_YT_04-2010.csv
YT,2010,5,14.828000000000001,25,fr_climat_sommaires_YT_05-2010.csv
YT,2010,6,47.31304347826086,23,fr_climat_sommaires_YT_06-2010.csv
YT,2010,7,48.369230769230775,26,fr_climat_sommaires_YT_07-2010.csv
YT,2010,8,44.23913043478261,23,fr_climat_sommaires_YT_08-2010.csv
YT,2010,9,34.1625,24,fr_climat_sommaires_YT_09-2010.csv
YT,2010,10,25.90476190476191,21,fr_climat_sommaires_YT_10-2010.csv
YT,2010,11,38.89999999999999,22,fr_climat_sommaires_YT_11-2010.csv
YT,2010,12,19.535,20,fr_climat_sommaires_YT_12-2010.csv
YT,2011,1,23.204347826086952,23,fr_climat_sommaires_YT_01-2011.csv
YT,2011,2,25.76521739130435,23,fr_climat_sommaires_YT_02-2011.csv
YT,2011,3,6.066666666666666,24,fr_climat_sommaires_YT_03-2011.csv
YT,2011,4,11.070833333333333,24,fr_climat_sommaires_YT_04-2011.csv
YT,2011,5,21.719230769230766,26,fr_climat_sommaires_YT_05-2011.csv
YT,2011,6,62.412000000000006,25,fr_climat_sommaires_YT_06-2011.csv
YT,2011,7,64.024,25,fr_climat_sommaires_YT_07-2011.csv
YT,2011,8,57.866666666666674,24,fr_climat_sommaires_YT_08-2011.csv
YT,2011,9,28.25384615384615,26,fr_climat_sommaires_YT_09-2011.csv
YT,2011,10,23.11304347826087,23,fr_climat_sommaires_YT_10-2011.csv
YT,2011,11,33.50952380952381,21,fr_climat_sommaires_YT_11-2011.csv
YT,2011,12,31.184615384615384,26,fr_climat_sommaires_YT_12-2011.csv
YT,2012,1,32.251999999999995,25,fr_climat_sommaires_YT_01-2012.csv
YT,2012,2,14.722727272727274,22,fr_climat_sommaires_YT_02-2012.csv
YT,2012,3,18.296153846153846,26,fr_climat_sommaires_YT_03-2012.csv
YT,2012,4,13.203703703703706,27,fr_climat_sommaires_YT_04-2012.csv
YT,2012,5,29.924,25,fr_climat_sommaires_YT_05-2012.csv
YT,2012,6,51.64,25,fr_climat_sommaires_YT_06-2012.csv
YT,2012,7,48.776,25,fr_climat_sommaires_YT_07-2012.csv
YT,2012,8,49.270833333333336,24,fr_climat_sommaires_YT_08-2012.csv
YT,2012,9,28.747826086956525,23,fr_climat_sommaires_YT_09-2012.csv
YT,2012,10,17.04285714285714,21,fr_climat_sommaires_YT_10-2012.csv
YT,2012,11,28.46,20,fr_climat_sommaires_YT_11-2012.csv
YT,2012,12,18.3875,24,fr_climat_sommaires_YT_12-2012.csv
YT,2013,1,34.29545454545455,22,fr_climat_sommaires_YT_01-2013.csv
YT,2013,2,13.057894736842107,19,fr_climat_sommaires_YT_02-2013.csv
YT,2013,3,7.8125,24,fr_climat_sommaires_YT_03-2013.csv
YT,2013,4,22.799999999999997,26,fr_climat_sommaires_YT_04-2013.csv
YT,2013,5,19.348000000000003,25,fr_climat_sommaires_YT_05-2013.csv
YT,2013,6,37.46000000000001,25,fr_climat_sommaires_YT_06-2013.csv
YT,2013,7,62.28076923076923,26,fr_climat_sommaires_YT_07-2013.csv
YT,2013,8,37.211111111111116,27,fr_climat_sommaires_YT_08-2013.csv
YT,2013,9,42.869230769230754,26,fr_climat_sommaires_YT_09-2013.csv
YT,2013,10,21.97407407407407,27,fr_climat_sommaires_YT_10-2013.csv
YT,2013,11,23.99230769230769,26,fr_climat_sommaires_YT_11-2013.csv
YT,2013,12,40.38333333333333,24,fr_climat_sommaires_YT_12-2013.csv
YT,2014,1,22.168181818181818,22,fr_climat_sommaires_YT_01-2014.csv
YT,2014,2,12.340000000000002,20,fr_climat_sommaires_YT_02-2014.csv
YT,2014,3,3.2526315789473683,19,fr_climat_sommaires_YT_03-2014.csv
YT,2014,4,8.115,20,fr_climat_sommaires_YT_04-2014.csv
YT,2014,5,19.311764705882357,17,fr_climat_sommaires_YT_05-2014.csv
YT,2014,6,37.317647058823525,17,fr_climat_sommaires_YT_06-2014.csv
YT,2014,7,69.5047619047619,21,fr_climat_sommaires_YT_07-2014.csv
YT,2014,8,43.150000000000006,22,fr_climat_sommaires_YT_08-2014.csv
YT,2014,9,51.80999999999999,20,fr_climat_sommaires_YT_09-2014.csv
YT,2014,10,26.09583333333333,24,fr_climat_sommaires_YT_10-2014.csv
YT,2014,11,10.526315789473685,19,fr_climat_sommaires_YT_11-2014.csv
YT,2014,12,10.841666666666667,24,fr_climat_sommaires_YT_12-2014.csv
YT,2015,1,17.01304347826087,23,fr_climat_sommaires_YT_01-2015.csv
YT,2015,2,7.118181818181819,22,fr_climat_sommaires_YT_02-2015.csv
YT,2015,3,12.794117647058826,17,fr_climat_sommaires_YT_03-2015.csv
YT,2015,4,7.377777777777778,18,fr_climat_sommaires_YT_04-2015.csv
YT,2015,5,16.21666666666667,18,fr_climat_sommaires_YT_05-2015.csv
YT,2015,6,30.083333333333332,18,fr_climat_sommaires_YT_06-2015.csv
YT,2015,7,67.80555555555557,18,fr_climat_sommaires_YT_07-2015.csv
YT,2015,8,65.71000000000001,20,fr_climat_sommaires_YT_08-2015.csv
YT,2015,9,34.559999999999995,20,fr_climat_sommaires_YT_09-2015.csv
YT,2015,10,24.974999999999998,20,fr_climat_sommaires_YT_10-2015.csv
YT,2015,11,25.363157894736844,19,fr_climat_sommaires_YT_11-2015.csv
YT,2015,12,10.200000000000001,19,fr_climat_sommaires_YT_12-2015.csv
YT,2016,1,14.572222222222223,18,fr_climat_sommaires_YT_01-2016.csv
YT,2016,2,17.621052631578948,19,fr_climat_sommaires_YT_02-2016.csv
YT,2016,3,13.375,20,fr_climat_sommaires_YT_03-2016.csv
YT,2016,4,13.395000000000001,20,fr_climat_sommaires_YT_04-2016.csv
YT,2016,5,28.125,20,fr_climat_sommaires_YT_05-2016.csv
YT,2016,6,38.05500000000001,20,fr_climat_sommaires_YT_06-2016.csv
YT,2016,7,54.45789473684211,19,fr_climat_sommaires_YT_07-2016.csv
YT,2016,8,43.50526315789474,19,fr_climat_sommaires_YT_08-2016.csv
YT,2016,9,25.742105263157896,19,fr_climat_sommaires_YT_09-2016.csv
YT,2016,10,7.761111111111112,18,fr_climat_sommaires_YT_10-2016.csv
YT,2016,11,13.755555555555555,18,fr_climat_sommaires_YT_11-2016.csv
YT,2016,12,10.47777777777778,18,fr_climat_sommaires_YT_12-2016.csv
YT,2017,1,15.466666666666665,18,fr_climat_sommaires_YT_01-2017.csv
YT,2017,2,12.366666666666667,18,fr_climat_sommaires_YT_02-2017.csv
YT,2017,3,12.223529411764709,17,fr_climat_sommaires_YT_03-2017.csv
YT,2017,4,5.061111111111111,18,fr_climat_sommaires_YT_04-2017.csv
YT,2017,5,15.488235294117647,17,fr_climat_sommaires_YT_05-2017.csv
YT,2017,6,40.34117647058823,17,fr_climat_sommaires_YT_06-2017.csv
YT,2017,7,61.43571428571429,14,fr_climat_sommaires_YT_07-2017.csv
YT,2017,8,44.88125,16,fr_climat_sommaires_YT_08-2017.csv
YT,2017,9,29.006666666666664,15,fr_climat_sommaires_YT_09-2017.csv
YT,2017,10,21.25714285714286,14,fr_climat_sommaires_YT_10-2017.csv
YT,2017,11,12.846153846153847,13,fr_climat_sommaires_YT_11-2017.csv
YT,2017,12,10.783333333333333,12,fr_climat_sommaires_YT_12-2017.csv
YT,2018,1,13.091666666666669,12,fr_climat_sommaires_YT_01-2018.csv
YT,2018,2,13.966666666666667,12,fr_climat_sommaires_YT_02-2018.csv
YT,2018,3,9.316666666666668,12,fr_climat_sommaires_YT_03-2018.csv
YT,2018,4,3.576923076923077,13,fr_climat_sommaires_YT_04-2018.csv
YT,2018,5,12.46153846153846,13,fr_climat_sommaires_YT_05-2018.csv
YT,2018,6,40.93333333333334,12,fr_climat_sommaires_YT_06-2018.csv
YT,2018,7,31.93076923076923,13,fr_climat_sommaires_YT_07-2018.csv
YT,2018,8,56.49230769230769,13,fr_climat_sommaires_YT_08-2018.csv
YT,2018,9,20.97142857142858,14,fr_climat_sommaires_YT_09-2018.csv
YT,2018,10,25.653846153846153,13,fr_climat_sommaires_YT_10-2018.csv
YT,2018,11,16.915384615384617,13,fr_climat_sommaires_YT_11-2018.csv
YT,2018,12,9.742857142857144,14,fr_climat_sommaires_YT_12-2018.csv
YT,2019,1,15.842857142857143,14,fr_climat_sommaires_YT_01-2019.csv
YT,2019,2,7.526666666666667,15,fr_climat_sommaires_YT_02-2019.csv
YT,2019,3,12.800000000000002,15,fr_climat_sommaires_YT_03-2019.csv
YT,2019,4,10.0,14,fr_climat_sommaires_YT_04-2019.csv
YT,2019,5,13.258823529411766,17,fr_climat_sommaires_YT_05-2019.csv
YT,2019,6,35.97222222222222,18,fr_climat_sommaires_YT_06-2019.csv
YT,2019,7,47.75294117647059,17,fr_climat_sommaires_YT_07-2019.csv
YT,2019,8,39.49411764705883,17,fr_climat_sommaires_YT_08-2019.csv
YT,2019,9,21.033333333333335,15,fr_climat_sommaires_YT_09-2019.csv
YT,2019,10,18.96923076923077,13,fr_climat_sommaires_YT_10-2019.csv
YT,2019,11,27.34166666666667,12,fr_climat_sommaires_YT_11-2019.csv
YT,2019,12,15.024999999999999,12,fr_climat_sommaires_YT_12-2019.csv
YT,2020,1,15.536363636363637,11,fr_climat_sommaires_YT_01-2020.csv
YT,2020,2,17.654545454545453,11,fr_climat_sommaires_YT_02-2020.csv
YT,2020,3,8.972727272727273,11,fr_climat_sommaires_YT_03-2020.csv
YT,2020,4,10.991666666666667,12,fr_climat_sommaires_YT_04-2020.csv
YT,2020,5,20.893333333333334,15,fr_climat_sommaires_YT_05-2020.csv
YT,2020,6,43.443749999999994,16,fr_climat_sommaires_YT_06-2020.csv
YT,2020,7,67.775,16,fr_climat_sommaires_YT_07-2020.csv
YT,2020,8,63.91764705882354,17,fr_climat_sommaires_YT_08-2020.csv
YT,2020,9,15.247368421052634,19,fr_climat_sommaires_YT_09-2020.csv
YT,2020,10,18.141176470588235,17,fr_climat_sommaires_YT_10-2020.csv
YT,2020,11,24.814285714285717,14,fr_climat_sommaires_YT_11-2020.csv
YT,2020,12,22.3375,16,fr_climat_sommaires_YT_12-2020.csv
YT,2021,1,13.0875,16,fr_climat_sommaires_YT_01-2021.csv
YT,2021,2,15.018749999999999,16,fr_climat_sommaires_YT_02-2021.csv
YT,2021,3,11.066666666666666,15,fr_climat_sommaires_YT_03-2021.csv
YT,2021,4,13.111764705882353,17,fr_climat_sommaires_YT_04-2021.csv
YT,2021,5,29.764705882352942,17,fr_climat_sommaires_YT_05-2021.csv
YT,2021,6,22.34375,16,fr_climat_sommaires_YT_06-2021.csv
YT,2021,7,23.258823529411764,17,fr_climat_sommaires_YT_07-2021.csv
YT,2021,8,69.08823529411765,17,fr_climat_sommaires_YT_08-2021.csv
YT,2021,9,25.894117647058827,17,fr_climat_sommaires_YT_09-2021.csv
YT,2021,10,14.993333333333334,15,fr_climat_sommaires_YT_10-2021.csv
YT,2021,11,25.55,14,fr_climat_sommaires_YT_11-2021.csv
YT,2021,12,26.014285714285712,14,fr_climat_sommaires_YT_12-2021.csv
YT,2022,1,23.353846153846156,13,fr_climat_sommaires_YT_01-2022.csv
YT,2022,2,25.607692307692307,13,fr_climat_sommaires_YT_02-2022.csv
YT,2022,3,20.49230769230769,13,fr_climat_sommaires_YT_03-2022.csv
YT,2022,4,12.96,15,fr_climat_sommaires_YT_04-2022.csv
YT,2022,5,22.31875,16,fr_climat_sommaires_YT_05-2022.csv
YT,2022,6,29.559999999999995,15,fr_climat_sommaires_YT_06-2022.csv
YT,2022,7,43.986666666666665,15,fr_climat_sommaires_YT_07-2022.csv
YT,2022,8,40.16153846153846,13,fr_climat_sommaires_YT_08-2022.csv
YT,2022,9,30.985714285714288,14,fr_climat_sommaires_YT_09-2022.csv
YT,2022,10,54.06153846153847,13,fr_climat_sommaires_YT_10-2022.csv
YT,2022,11,12.666666666666666,12,fr_climat_sommaires_YT_11-2022.csv
YT,2022,12,19.766666666666666,12,fr_climat_sommaires_YT_12-2022.csv
YT,2023,1,18.116666666666664,12,fr_climat_sommaires_YT_01-2023.csv
YT,2023,2,13.291666666666666,12,fr_climat_sommaires_YT_02-2023.csv
YT,2023,3,17.241666666666667,12,fr_climat_sommaires_YT_03-2023.csv
YT,2023,4,14.638461538461538,13,fr_climat_sommaires_YT_04-2023.csv
YT,2023,5,18.613333333333333,15,fr_climat_sommaires_YT_05-2023.csv
YT,2023,6,40.71333333333334,15,fr_climat_sommaires_YT_06-2023.csv
YT,2023,7,34.7,16,fr_climat_sommaires_YT_07-2023.csv
YT,2023,8,39.2,17,fr_climat_sommaires_YT_08-2023.csv
YT,2023,9,34.46470588235293,17,fr_climat_sommaires_YT_09-2023.csv
YT,2023,10,33.08125,16,fr_climat_sommaires_YT_10-2023.csv
YT,2023,11,20.114285714285717,14,fr_climat_sommaires_YT_11-2023.csv
YT,2023,12,25.02142857142857,14,fr_climat_sommaires_YT_12-2023.csv
YT,2024,1,23.92,15,fr_climat_sommaires_YT_01-2024.csv
YT,2024,2,17.02857142857143,14,fr_climat_sommaires_YT_02-2024.csv
YT,2024,3,22.686666666666667,15,fr_climat_sommaires_YT_03-2024.csv
YT,2024,4,11.933333333333332,15,fr_climat_sommaires_YT_04-2024.csv
YT,2024,5,23.625,16,fr_climat_sommaires_YT_05-2024.csv
YT,2024,6,27.70625,16,fr_climat_sommaires_YT_06-2024.csv
YT,2024,7,51.356249999999996,16,fr_climat_sommaires_YT_07-2024.csv
YT,2024,8,43.599999999999994,17,fr_climat_sommaires_YT_08-2024.csv
YT,2024,9,30.50625,16,fr_climat_sommaires_YT_09-2024.csv
YT,2024,10,20.60666666666667,15,fr_climat_sommaires_YT_10-2024.csv
YT,2024,11,14.199999999999998,13,fr_climat_sommaires_YT_11-2024.csv
YT,2024,12,17.069230769230767,13,fr_climat_sommaires_YT_12-2024.csv
YT,2025,1,13.853846153846153,13,fr_climat_sommaires_YT_01-2025.csv
YT,2025,2,8.523076923076923,13,fr_climat_sommaires_YT_02-2025.csv
YT,2025,3,3.6769230769230767,13,fr_climat_sommaires_YT_03-2025.csv
YT,2025,4,9.207142857142857,14,fr_climat_sommaires_YT_04-2025.csv
YT,2025,5,19.00625,16,fr_climat_sommaires_YT_05-2025.csv
YT,2025,6,20.9125,16,fr_climat_sommaires_YT_06-2025.csv
YT,2025,7,39.93333333333333,18,fr_climat_sommaires_YT_07-2025.csv
YT,2025,8,31.633333333333333,18,fr_climat_sommaires_YT_08-2025.csv
YT,2025,9,30.22222222222223,18,fr_climat_sommaires_YT_09-2025.csv
YT,2025,10,17.964705882352945,17,fr_climat_sommaires_YT_10-2025.csv
YT,2025,11,17.926666666666666,15,fr_climat_sommaires_YT_11-2025.csv
YT,2025,12,30.028571428571432,14,fr_climat_sommaires_YT_12-2025.csv
